name,category,attraction_type,region,tourist_area,locality,municipality,tier,popularity,accessibility,open_in_september,best_season,needs_hiking,duration,tickets,photography,confidence,spots_within_25km,spots_within_50km,is_route,lat,lon,maps_url
Góðafoss Waterfall,Game of Thrones filming locations,Waterfall,Northeast,North Iceland,,Þingeyjarsveit,Tier 1 (S-Tier),Iconic,Easy (Paved / 2WD),Yes - Fully Open,Year-Round,No Hike (5 min Walk from Parking),Standard Visit (1h),Free / Open Access,5-Star (World-Class),curated,6,24,,65.682995,-17.550823,"https://www.google.com/maps?q=65.682995,-17.550823"
Mývatn,Game of Thrones filming locations,Volcanic Lake Basin,Northeast,North Iceland,,Þingeyjarsveit,Tier 1 (S-Tier),Iconic,Easy (Paved / 2WD),Yes - Fully Open,Year-Round,Short Easy Walk (Drive & Short Walks),Full-Day (4-8h),Free / Open Access,5-Star (World-Class),curated,8,14,,65.60386,-16.996106,"https://www.google.com/maps?q=65.60386,-16.996106"
Fjaðrárgljúfur,Hikes / Places to Hike,Canyon,South,South Coast,,Skaftárhreppur,Tier 1 (S-Tier),Iconic,Easy (Paved / 2WD),Yes - Fully Open,May-Oct,Moderate Hike (45-60 min Rim Walk),Standard Visit (1-1.5h),Paid Parking Fee (~1000 ISK),5-Star (World-Class),curated,7,14,,63.771279,-18.1718159,"https://www.google.com/maps?q=63.771279,-18.1718159"
Landmannalaugar,Hikes / Places to Hike,Geothermal Highland Valley,South,Highlands,,Rangárþing ytra,Tier 1 (S-Tier),Iconic,Challenging (4x4 / F-Road),Yes - Open Early Sept (4x4/Snow Dependent Late Sept),Jun-Sep Only,Strenuous / Long Hike (2h-6h Highland Loop Trails),Full-Day (4-8h),Parking Reservation Required in Summer,5-Star (World-Class),curated,3,15,,63.9923082,-19.0596402,"https://www.google.com/maps?q=63.9923082,-19.0596402"
Blue Lagoon,Hot springs,Hot Spring / Spa,Reykjanes,Reykjanes Peninsula,,Grindavíkurbær,Tier 1 (S-Tier),Iconic,Easy (Paved / 2WD),Yes - Fully Open,Year-Round,No Hike (0-5 min Flat Walk),Half-Day (2-4h),Ticket / Pre-Booking Required,5-Star (World-Class),curated,28,54,,63.8801127,-22.4493492,"https://www.google.com/maps?q=63.8801127,-22.4493492"
Myvatn Nature Baths,Hot springs,Geothermal Spa,Northeast,North Iceland,,Þingeyjarsveit,Tier 1 (S-Tier),Iconic,Easy (Paved / 2WD),Yes - Fully Open,Year-Round,No Hike (0 min),Half-Day (2-3h),Ticket / Pre-Booking Required,4-Star,curated,8,14,,65.6309287,-16.8479559,"https://www.google.com/maps?q=65.6309287,-16.8479559"
Diamond Beach,Points of Interest,Black Sand Beach,South,South Coast / East,,Sveitarfélagið Hornafjörður,Tier 1 (S-Tier),Iconic,Easy (Paved / 2WD),Yes - Fully Open,Year-Round,No Hike (2 min Walk from Parking),Quick Stop (30-45m),Paid Parking Fee (~1000 ISK),5-Star (World-Class),curated,4,14,,64.0427623,-16.1814722,"https://www.google.com/maps?q=64.0427623,-16.1814722"
Great Geysir,Points of Interest,Geothermal Area,South,Golden Circle,,Bláskógabyggð,Tier 1 (S-Tier),Iconic,Easy (Paved / 2WD),Yes - Fully Open,Year-Round,No Hike (0-5 min Flat Walk),Standard Visit (1h),Free / Open Access,5-Star (World-Class),curated,14,36,,64.3138792,-20.2995425,"https://www.google.com/maps?q=64.3138792,-20.2995425"
Jökulsárlón Glacial Lagoon,Points of Interest,Glacier Lagoon,South,South Coast / East,,Sveitarfélagið Hornafjörður,Tier 1 (S-Tier),Iconic,Easy (Paved / 2WD),Yes - Fully Open,Year-Round,No Hike (0-5 min Walk to Shore),Standard Visit (1-2h),Paid Parking Fee (~1000 ISK),5-Star (World-Class),curated,4,14,,64.0504301,-16.1907589,"https://www.google.com/maps?q=64.0504301,-16.1907589"
Kirkjufell,Points of Interest,Iconic Mountain,West,Snæfellsnes Peninsula,Grundarfjarðarbær,,Tier 1 (S-Tier),Iconic,Easy (Paved / 2WD),Yes - Fully Open,Year-Round,Short Easy Walk (10 min to Falls),Quick Stop (45m-1h),Paid Parking Fee (~1000 ISK),5-Star (World-Class),curated,10,24,,64.9416667,-23.3069444,"https://www.google.com/maps?q=64.9416667,-23.3069444"
Reynisfjara Beach,Points of Interest,Black Sand Beach,South,South Coast,,Mýrdalshreppur,Tier 1 (S-Tier),Iconic,Easy (Paved / 2WD),Yes - Fully Open,Year-Round,No Hike (2-5 min Walk on Beach),Standard Visit (1h),Paid Parking Fee (~1000 ISK),5-Star (World-Class),curated,8,19,,63.402399,-19.0397357,"https://www.google.com/maps?q=63.402399,-19.0397357"
Stokksnes and Vestrahorn,Points of Interest,Coastal Mountain,South,East Iceland,,Sveitarfélagið Hornafjörður,Tier 1 (S-Tier),Iconic,Easy (Paved/Gravel),Yes - Fully Open,Year-Round,No Hike (5-10 min Walk on Dunes),Standard Visit (1-2h),Paid Entrance Ticket (~1000 ISK),5-Star (World-Class),curated,2,5,,64.2440726,-14.964838,"https://www.google.com/maps?q=64.2440726,-14.964838"
Strokkur Geyser,Points of Interest,Geothermal Area,South,Golden Circle,,Bláskógabyggð,Tier 1 (S-Tier),Iconic,Easy (Paved / 2WD),Yes - Fully Open,Year-Round,No Hike (0-5 min Flat Walk),Standard Visit (1h),Free / Open Access,5-Star (World-Class),curated,14,36,,64.3130512,-20.3005275,"https://www.google.com/maps?q=64.3130512,-20.3005275"
Geysir Geothermal Area,The Ultimate Golden Circle Route,Geothermal Area,South,Golden Circle,,Bláskógabyggð,Tier 1 (S-Tier),Iconic,Easy (Paved / 2WD),Yes - Fully Open,Year-Round,No Hike (0-5 min Flat Walk),Standard Visit (1h),Free / Open Access,5-Star (World-Class),curated,15,40,,64.279147,-20.358267,"https://www.google.com/maps?q=64.279147,-20.358267"
Þingvellir National Park,The Ultimate Golden Circle Route,National Park / Historical,South,Golden Circle,,Bláskógabyggð,Tier 1 (S-Tier),Iconic,Easy (Paved / 2WD),Yes - Fully Open,Year-Round,Short Easy Walk (20-45 min Canyon Footpath),Half-Day (2-3h),Paid Parking Fee (~1000 ISK),5-Star (World-Class),curated,10,67,,64.2571245,-21.1307055,"https://www.google.com/maps?q=64.2571245,-21.1307055"
Boat tour on Jökulsárlón glacier lagoon,Tours and activities,Glacier Boat Tour,South,South Coast / East,,Sveitarfélagið Hornafjörður,Tier 1 (S-Tier),Iconic,Easy (Guided Tour),Yes - Fully Open (Operates until Nov),May-Oct,No Hike (0 min),Standard Visit (1.5h),Ticket / Pre-Booking Required,5-Star (World-Class),curated,5,14,,64.0804542,-16.2298968,"https://www.google.com/maps?q=64.0804542,-16.2298968"
Snorkeling and diving at Silfra,Tours and activities,Diving / Snorkeling,South,Golden Circle,,Bláskógabyggð,Tier 1 (S-Tier),Iconic,Easy (Guided Tour),Yes - Fully Open,Year-Round,Short Easy Walk (5-10 min Walk in Gear),Half-Day (3-4h),Ticket / Pre-Booking Required,5-Star (World-Class),curated,10,67,,64.2552927,-21.1168267,"https://www.google.com/maps?q=64.2552927,-21.1168267"
Dettifoss,Waterfalls,Waterfall,Northeast,North Iceland,,Norðurþing,Tier 1 (S-Tier),Iconic,Easy (Paved / 2WD),Yes - Fully Open (West 862 Paved),Year-Round,Short Easy Walk (15 min Trail from West Lot),Standard Visit (1-1.5h),Free / Open Access,5-Star (World-Class),curated,2,12,,65.8146662,-16.384576,"https://www.google.com/maps?q=65.8146662,-16.384576"
Dynjandi,Waterfalls,Waterfall,Westfjords,Westfjords,,Ísafjarðarbær,Tier 1 (S-Tier),Iconic,Moderate (Paved/Good Gravel),Yes - Fully Open,May-Oct,Moderate Hike (20-30 min Uphill Trail),Standard Visit (1.5h),Free / Open Access,5-Star (World-Class),curated,3,19,,65.7328135,-23.199842,"https://www.google.com/maps?q=65.7328135,-23.199842"
Gullfoss,Waterfalls,Waterfall,South,Golden Circle,,Bláskógabyggð,Tier 1 (S-Tier),Iconic,Easy (Paved / 2WD),Yes - Fully Open,Year-Round,Short Easy Walk (10-15 min Boardwalk/Stairs),Standard Visit (1-1.5h),Free / Open Access,5-Star (World-Class),curated,12,33,,64.3273726,-20.1213527,"https://www.google.com/maps?q=64.3273726,-20.1213527"
Kirkjufellsfoss,Waterfalls,Waterfall,West,Snæfellsnes Peninsula,Grundarfjarðarbær,,Tier 1 (S-Tier),Iconic,Easy (Paved / 2WD),Yes - Fully Open,Year-Round,Short Easy Walk (10 min to Falls),Quick Stop (45m-1h),Paid Parking Fee (~1000 ISK),5-Star (World-Class),curated,10,24,,64.9261558,-23.3114014,"https://www.google.com/maps?q=64.9261558,-23.3114014"
Seljalandsfoss,Waterfalls,Waterfall,South,South Coast,,Rangárþing eystra,Tier 1 (S-Tier),Iconic,Easy (Paved / 2WD),Yes - Fully Open,Year-Round,No Hike (0-5 min Walk to Base),Standard Visit (45m-1h),Paid Parking Fee (~800 ISK),5-Star (World-Class),curated,10,28,,63.6154882,-19.9883253,"https://www.google.com/maps?q=63.6154882,-19.9883253"
Skógafoss,Waterfalls,Waterfall,South,South Coast,,Rangárþing eystra,Tier 1 (S-Tier),Iconic,Easy (Paved / 2WD),Yes - Fully Open,Year-Round,No Hike (0-5 min Walk to Base),Standard Visit (1h),Free / Open Access,5-Star (World-Class),curated,13,28,,63.5320952,-19.5116355,"https://www.google.com/maps?q=63.5320952,-19.5116355"
Askja,Hikes / Places to Hike,Volcanic Crater Lake,Northeast,Highlands,,Þingeyjarsveit,Tier 2 (A-Tier),High,Challenging (Deep 4x4 F-Road),Yes - Weather & F-Road Dependent (Closes mid/late Sept),Jul-Sep Only,Moderate Hike (45 min Walk across Lava Field to Crater),Full-Day (8-10h),Free / Open Access,5-Star (World-Class),curated,0,2,,65.0121558,-16.7486572,"https://www.google.com/maps?q=65.0121558,-16.7486572"
Fimmvörðuháls trail,Hikes / Places to Hike,Epic Trek,Not assessed,South Coast,,,Tier 2 (A-Tier),High,Challenging (Strenuous 25km Hike),Yes - Open Early Sept (Weather Dependent),Jun-Sep,Epic Multi-Day / Full-Day Trek (25km Mountain Pass / 8-10h),Full-Day (8-10h),Free / Open Access,5-Star (World-Class),curated,,,yes,63.622,-19.4307,"https://www.google.com/maps?q=63.622,-19.4307"
Glymur hike,Hikes / Places to Hike,Canyon Waterfall Hike,West,West Iceland,,Hvalfjarðarsveit,Tier 2 (A-Tier),Very High,Moderate (Strenuous 3-4h hike),Yes - Open (Log bridge up),May-Sep,Strenuous / Long Hike (3.5h Loop / River Crossing & Cable),Half-Day (3-4h),Free / Open Access,5-Star (World-Class),curated,7,56,,64.3844921,-21.2883533,"https://www.google.com/maps?q=64.3844921,-21.2883533"
Laugavegur trail,Hikes / Places to Hike,Epic Trek,Not assessed,Highlands,,,Tier 2 (A-Tier),Iconic,Challenging (Multi-day Trek),Closing (Huts close ~Sept 15),Jun-Sep Only,Epic Multi-Day / Full-Day Trek (55km / 3-4 Days),Full-Day / Multi-Day,Free Trek (Hut Reservation Required if staying),5-Star (World-Class),curated,,,yes,63.9923,-19.0596,"https://www.google.com/maps?q=63.9923,-19.0596"
"Skaftafell Visitor Centre, Vatnajökull National Park",Hikes / Places to Hike,National Park Hub,South,South Coast,,Sveitarfélagið Hornafjörður,Tier 2 (A-Tier),Very High,Easy (Paved / 2WD),Yes - Fully Open,Year-Round,Moderate Hike (1.5h - 3h Trail Options),Half-Day (2-4h),Paid Parking Fee (~1000 ISK),5-Star (World-Class),curated,6,15,,63.9952551,-16.9709814,"https://www.google.com/maps?q=63.9952551,-16.9709814"
Þórsmörk,Hikes / Places to Hike,Glacial Valley,South,South Highlands,,Rangárþing eystra,Tier 2 (A-Tier),High,Challenging (Super Jeep / River Crossings),Yes - Open Early Sept (Super Jeep Required),Jun-Sep,Strenuous / Long Hike (1.5h - 5h Ridge Trail Options),Full-Day (6-8h),Free Access (Tour Fee if booked),5-Star (World-Class),curated,13,31,,63.7026554,-19.4271489,"https://www.google.com/maps?q=63.7026554,-19.4271489"
Valley of Reykjadalur,Hot springs,Thermal River Hike,South,South Coast / South,,Sveitarfélagið Ölfus,Tier 2 (A-Tier),Very High,Moderate (3km hike each way),Yes - Fully Open,May-Oct,Strenuous / Long Hike (3km Uphill Each Way / 2.5-3h Total),Half-Day (3-4h),Paid Parking Fee (~750 ISK),4-Star,curated,12,64,,64.0320968,-21.2155828,"https://www.google.com/maps?q=64.0320968,-21.2155828"
Arnarstapi,Points of Interest,Coastal Cliffs,West,Snæfellsnes Peninsula,,Snæfellsbær,Tier 2 (A-Tier),Very High,Easy (Paved / 2WD),Yes - Fully Open,Year-Round,Short Easy Walk (30-45 min Coastal Cliff Walk),Standard Visit (1-1.5h),Free / Open Access,4-Star,curated,17,19,,64.7691204,-23.6258982,"https://www.google.com/maps?q=64.7691204,-23.6258982"
Búðir church,Points of Interest,Historic Black Church,West,Snæfellsnes Peninsula,,Snæfellsbær,Tier 2 (A-Tier),High,Easy (Paved / 2WD),Yes - Fully Open,Year-Round,No Hike (2 min Walk),Quick Stop (20-30m),Free / Open Access,4-Star,curated,14,22,,64.8231996,-23.3846139,"https://www.google.com/maps?q=64.8231996,-23.3846139"
DC3 Plane Crash,Points of Interest,Famous Wreck,South,South Coast,,Mýrdalshreppur,Tier 2 (A-Tier),High,Moderate (4km flat walk or shuttle bus),Yes - Fully Open,Year-Round,Strenuous / Long Hike (4km Flat Dirt Walk Each Way / 1.5h-2h Total unless Shuttle),Standard Visit (2h),Paid Parking Fee (~1000 ISK) / Paid Shuttle,4-Star,curated,14,24,,63.4590915,-19.3646824,"https://www.google.com/maps?q=63.4590915,-19.3646824"
Djúpalónssandur,Points of Interest,Black Pebble Beach,West,Snæfellsnes Peninsula,,Snæfellsbær,Tier 2 (A-Tier),High,Easy (Paved / 2WD),Yes - Fully Open,Year-Round,Short Easy Walk (15-20 min Path to Beach),Standard Visit (1h),Free / Open Access,4-Star,curated,12,18,,64.7503634,-23.9148746,"https://www.google.com/maps?q=64.7503634,-23.9148746"
Dyrhólaey,Points of Interest,Coastal Arch & Viewpoint,South,South Coast,,Mýrdalshreppur,Tier 2 (A-Tier),Very High,Easy (Paved / 2WD),Yes - Open (Note: Puffins depart early Sept),Year-Round,Short Easy Walk (10-15 min Walk to Lighthouse & Arch),Standard Visit (1h),Free / Open Access,5-Star (World-Class),curated,11,21,,63.4030714,-19.1155243,"https://www.google.com/maps?q=63.4030714,-19.1155243"
Hverír,Points of Interest,Geothermal Fumaroles,Northeast,North Iceland,,Þingeyjarsveit,Tier 2 (A-Tier),Very High,Easy (Paved / 2WD),Yes - Fully Open,Year-Round,No Hike (0-5 min Flat Walk),Quick Stop (45m),Paid Parking Fee (~1000 ISK),4-Star,curated,8,14,,65.6409337,-16.8093395,"https://www.google.com/maps?q=65.6409337,-16.8093395"
Kerið,Points of Interest,Volcanic Crater Lake,South,Golden Circle,,Grímsnes- og Grafningshreppur,Tier 2 (A-Tier),Very High,Easy (Paved / 2WD),Yes - Fully Open,Year-Round,Moderate Hike (20-30 min Rim Walk & Stairs),Quick Stop (30-45m),Paid Entrance Ticket (~600 ISK),4-Star,curated,14,56,,64.0412777,-20.8851385,"https://www.google.com/maps?q=64.0412777,-20.8851385"
Katla volcano ice cave,Tours and activities,Ice Cave Tour,South,South Coast,,Skaftárhreppur,Tier 2 (A-Tier),Very High,Remote (Super-Jeep Tour),Yes - Fully Open (Year-Round Ice Cave),Year-Round,Short Easy Walk (15-20 min Walk on Glacier Edge),Half-Day (3-4h),Ticket / Pre-Booking Required,5-Star (World-Class),curated,11,28,,63.6467299,-19.1302847,"https://www.google.com/maps?q=63.6467299,-19.1302847"
Glymur,Waterfalls,Canyon Waterfall Hike,West,West Iceland,,Hvalfjarðarsveit,Tier 2 (A-Tier),Very High,Moderate (Strenuous 3-4h hike),Yes - Open (Log bridge up),May-Sep,Strenuous / Long Hike (3.5h Loop / River Crossing & Cable),Half-Day (3-4h),Free / Open Access,5-Star (World-Class),curated,7,55,,64.3916755,-21.2505702999999,"https://www.google.com/maps?q=64.3916755,-21.2505702999999"
Haifoss Waterfall,Waterfalls,Waterfall,South,South Inland,,Skeiða- og Gnúpverjahreppur,Tier 2 (A-Tier),Very High,Challenging (Gravel / 4x4 recommended),Yes - Fully Open,May-Oct,Short Easy Walk (5-10 min Walk to Viewpoint),Standard Visit (1-1.5h),Free / Open Access,5-Star (World-Class),curated,4,25,,64.2078881,-19.6868531,"https://www.google.com/maps?q=64.2078881,-19.6868531"
Hraunfossar & Barnafoss,Waterfalls,Waterfall,West,West Iceland,Borgarbyggð,,Tier 2 (A-Tier),Very High,Easy (Paved / 2WD),Yes - Fully Open,Year-Round,Short Easy Walk (10-15 min Paved Paths),Standard Visit (1h),Paid Parking Fee (~1000 ISK),4-Star,curated,4,13,,64.702214,-20.9775996,"https://www.google.com/maps?q=64.702214,-20.9775996"
Háifoss and Granni,Waterfalls,Waterfall,South,South Inland,,Skeiða- og Gnúpverjahreppur,Tier 2 (A-Tier),Very High,Challenging (Gravel / 4x4 recommended),Yes - Fully Open,May-Oct,Short Easy Walk (5-10 min Walk to Viewpoint),Standard Visit (1-1.5h),Free / Open Access,5-Star (World-Class),curated,12,46,,64.0213359,-20.2555057,"https://www.google.com/maps?q=64.0213359,-20.2555057"
Svartifoss waterfall (Parking),Waterfalls,Basalt Column Waterfall,South,South Coast,,Sveitarfélagið Hornafjörður,Tier 2 (A-Tier),Very High,Moderate (1.5h round-trip hike),Yes - Fully Open,Year-Round,Moderate Hike (1.5h Round-Trip Uphill Trail),Standard Visit (1.5-2h),Paid Parking Fee (~1000 ISK),5-Star (World-Class),curated,6,15,,64.026412,-16.9767051,"https://www.google.com/maps?q=64.026412,-16.9767051"
Búri Cave,Caves,Caves,Reykjanes,,,Grindavíkurbær,Unranked,Not assessed,Not assessed,Not assessed,Not assessed,Short walk (inferred from category),Not assessed,Not assessed,Not assessed,not assessed,20,40,,63.8237015,-22.6714897,"https://www.google.com/maps?q=63.8237015,-22.6714897"
Efra-Hvolshellar,Caves,Caves,South,,,Rangárþing eystra,Unranked,Not assessed,Not assessed,Not assessed,Not assessed,Short walk (inferred from category),Not assessed,Not assessed,Not assessed,not assessed,7,35,,63.7609588888889,-20.1631744444444,"https://www.google.com/maps?q=63.7609588888889,-20.1631744444444"
Gjabakkahellir,Caves,Caves,South,,,Bláskógabyggð,Unranked,Not assessed,Not assessed,Not assessed,Not assessed,Short walk (inferred from category),Not assessed,Not assessed,Not assessed,not assessed,10,67,,64.2556601,-21.1300349,"https://www.google.com/maps?q=64.2556601,-21.1300349"
Leidarendi,Caves,Caves,Capital,,Hafnarfjarðarkaupstaður,,Unranked,Not assessed,Not assessed,Not assessed,Not assessed,Short walk (inferred from category),Not assessed,Not assessed,Not assessed,not assessed,32,76,,64.0032121,-21.7951584,"https://www.google.com/maps?q=64.0032121,-21.7951584"
Lofthellir,Caves,Caves,Northeast,,,Þingeyjarsveit,Unranked,Not assessed,Not assessed,Not assessed,Not assessed,Short walk (inferred from category),Not assessed,Not assessed,Not assessed,not assessed,8,14,,65.5552101,-16.7225218,"https://www.google.com/maps?q=65.5552101,-16.7225218"
Maríuhellar,Caves,Caves,Capital,,Garðabær,,Unranked,Not assessed,Not assessed,Not assessed,Not assessed,Short walk (inferred from category),Not assessed,Not assessed,Not assessed,not assessed,29,77,,64.0716883,-21.892544,"https://www.google.com/maps?q=64.0716883,-21.892544"
Páskahellir,Caves,Caves,East,,,Fjarðabyggð,Unranked,Not assessed,Not assessed,Not assessed,Not assessed,Short walk (inferred from category),Not assessed,Not assessed,Not assessed,not assessed,15,29,,65.150935,-13.6554265,"https://www.google.com/maps?q=65.150935,-13.6554265"
Raufarholshellir,Caves,Caves,South,,,Sveitarfélagið Ölfus,Unranked,Not assessed,Not assessed,Not assessed,Not assessed,Short walk (inferred from category),Not assessed,Not assessed,Not assessed,not assessed,14,62,,63.940638,-21.397071,"https://www.google.com/maps?q=63.940638,-21.397071"
Songhellir,Caves,Caves,West,,,Snæfellsbær,Unranked,Not assessed,Not assessed,Not assessed,Not assessed,Short walk (inferred from category),Not assessed,Not assessed,Not assessed,not assessed,16,19,,64.781545,-23.678349,"https://www.google.com/maps?q=64.781545,-23.678349"
Surtshellir,Caves,Caves,West,,Borgarbyggð,,Unranked,Not assessed,Not assessed,Not assessed,Not assessed,Short walk (inferred from category),Not assessed,Not assessed,Not assessed,not assessed,3,7,,64.7815135,-20.7238197,"https://www.google.com/maps?q=64.7815135,-20.7238197"
Thrihnukagigur volcano,Caves,Caves,Capital,,Kópavogsbær,,Unranked,Not assessed,Not assessed,Not assessed,Not assessed,Short walk (inferred from category),Not assessed,Not assessed,Not assessed,not assessed,36,72,,63.998462,-21.6989636,"https://www.google.com/maps?q=63.998462,-21.6989636"
Vatnshellir,Caves,Caves,West,,,Snæfellsbær,Unranked,Not assessed,Not assessed,Not assessed,Not assessed,Short walk (inferred from category),Not assessed,Not assessed,Not assessed,not assessed,13,18,,64.7477222,-23.8178712,"https://www.google.com/maps?q=64.7477222,-23.8178712"
Vidgelmir,Caves,Caves,West,,Borgarbyggð,,Unranked,Not assessed,Not assessed,Not assessed,Not assessed,Short walk (inferred from category),Not assessed,Not assessed,Not assessed,not assessed,3,9,,64.7503094,-20.8019075,"https://www.google.com/maps?q=64.7503094,-20.8019075"
Akranes Folk Museum,Cultural Centres & Museums,Cultural Centres & Museums,West,,Akraneskaupstaður,,Unranked,Not assessed,Not assessed,Not assessed,Not assessed,None (inferred from category),Not assessed,Not assessed,Not assessed,not assessed,18,52,,64.3198875,-22.0450787,"https://www.google.com/maps?q=64.3198875,-22.0450787"
Akureyri Museum,Cultural Centres & Museums,Cultural Centres & Museums,Northeast,,Akureyrarbær,Akureyrarbær,Unranked,Not assessed,Not assessed,Not assessed,Not assessed,None (inferred from category),Not assessed,Not assessed,Not assessed,not assessed,11,16,,65.6666472,-18.0862578,"https://www.google.com/maps?q=65.6666472,-18.0862578"
Arctic Fox Centre,Cultural Centres & Museums,Cultural Centres & Museums,Westfjords,,,Súðavíkurhreppur,Unranked,Not assessed,Not assessed,Not assessed,Not assessed,None (inferred from category),Not assessed,Not assessed,Not assessed,not assessed,9,16,,66.03049,-22.9916969999999,"https://www.google.com/maps?q=66.03049,-22.9916969999999"
Aviation Museum,Cultural Centres & Museums,Cultural Centres & Museums,Northeast,,Akureyrarbær,Akureyrarbær,Unranked,Not assessed,Not assessed,Not assessed,Not assessed,None (inferred from category),Not assessed,Not assessed,Not assessed,not assessed,11,18,,65.6511593,-18.0751718,"https://www.google.com/maps?q=65.6511593,-18.0751718"
Bobby Fischer Center,Cultural Centres & Museums,Cultural Centres & Museums,South,,,Sveitarfélagið Árborg,Unranked,Not assessed,Not assessed,Not assessed,Not assessed,None (inferred from category),Not assessed,Not assessed,Not assessed,not assessed,13,51,,63.9375099,-20.9964163,"https://www.google.com/maps?q=63.9375099,-20.9964163"
East Iceland Heritage Museum,Cultural Centres & Museums,Cultural Centres & Museums,East,,,Múlaþing,Unranked,Not assessed,Not assessed,Not assessed,Not assessed,None (inferred from category),Not assessed,Not assessed,Not assessed,not assessed,9,28,,65.262566,-14.396389,"https://www.google.com/maps?q=65.262566,-14.396389"
Fræðasetrið Nature Center,Cultural Centres & Museums,Cultural Centres & Museums,Reykjanes,,,Suðurnesjabær,Unranked,Not assessed,Not assessed,Not assessed,Not assessed,None (inferred from category),Not assessed,Not assessed,Not assessed,not assessed,13,54,,64.0411791,-22.712624,"https://www.google.com/maps?q=64.0411791,-22.712624"
Gamlabúð Visitor Center / Vatnajökull National Park,Cultural Centres & Museums,Cultural Centres & Museums,South,,,Sveitarfélagið Hornafjörður,Unranked,Not assessed,Not assessed,Not assessed,Not assessed,None (inferred from category),Not assessed,Not assessed,Not assessed,not assessed,4,6,,64.2504123,-15.2038549,"https://www.google.com/maps?q=64.2504123,-15.2038549"
Harpa Concert Hall and Conference Centre,Cultural Centres & Museums,Cultural Centres & Museums,Capital,,Reykjavíkurborg,Reykjavíkurborg,Unranked,Not assessed,Not assessed,Not assessed,Not assessed,None (inferred from category),Not assessed,Not assessed,Not assessed,not assessed,25,70,,64.1503366,-21.9327021,"https://www.google.com/maps?q=64.1503366,-21.9327021"
INTO THE ARCTIC,Cultural Centres & Museums,Cultural Centres & Museums,Northeast,,Akureyrarbær,Akureyrarbær,Unranked,Not assessed,Not assessed,Not assessed,Not assessed,None (inferred from category),Not assessed,Not assessed,Not assessed,not assessed,12,16,,65.6856353,-18.079432,"https://www.google.com/maps?q=65.6856353,-18.079432"
Icelandic Phallological Museum,Cultural Centres & Museums,Cultural Centres & Museums,Capital,,Reykjavíkurborg,Reykjavíkurborg,Unranked,Not assessed,Not assessed,Not assessed,Not assessed,None (inferred from category),Not assessed,Not assessed,Not assessed,not assessed,28,70,,64.1430334,-21.9156432,"https://www.google.com/maps?q=64.1430334,-21.9156432"
Icelandic Seal Center,Cultural Centres & Museums,Cultural Centres & Museums,Northwest,,,Húnaþing vestra,Unranked,Not assessed,Not assessed,Not assessed,Not assessed,None (inferred from category),Not assessed,Not assessed,Not assessed,not assessed,3,10,,65.3956467,-20.9486103,"https://www.google.com/maps?q=65.3956467,-20.9486103"
Icelandic Wartime Museum (Íslenska stríðsárasafnið),Cultural Centres & Museums,Cultural Centres & Museums,East,,,Fjarðabyggð,Unranked,Not assessed,Not assessed,Not assessed,Not assessed,None (inferred from category),Not assessed,Not assessed,Not assessed,not assessed,11,29,,65.03816,-14.2087463,"https://www.google.com/maps?q=65.03816,-14.2087463"
Icelandic Wonders,Cultural Centres & Museums,Cultural Centres & Museums,South,,,Sveitarfélagið Árborg,Unranked,Not assessed,Not assessed,Not assessed,Not assessed,None (inferred from category),Not assessed,Not assessed,Not assessed,not assessed,8,46,,63.836606,-21.0640559999999,"https://www.google.com/maps?q=63.836606,-21.0640559999999"
LAVA Centre,Cultural Centres & Museums,Cultural Centres & Museums,South,,,Rangárþing eystra,Unranked,Not assessed,Not assessed,Not assessed,Not assessed,None (inferred from category),Not assessed,Not assessed,Not assessed,not assessed,7,34,,63.7531739,-20.2362726,"https://www.google.com/maps?q=63.7531739,-20.2362726"
Laufás Museum,Cultural Centres & Museums,Cultural Centres & Museums,Northeast,,,Grýtubakkahreppur,Unranked,Not assessed,Not assessed,Not assessed,Not assessed,None (inferred from category),Not assessed,Not assessed,Not assessed,not assessed,8,20,,65.8941789,-18.0724454,"https://www.google.com/maps?q=65.8941789,-18.0724454"
Listasafnið á Akureyri / Akureyri Art Museum,Cultural Centres & Museums,Cultural Centres & Museums,Northeast,,Akureyrarbær,Akureyrarbær,Unranked,Not assessed,Not assessed,Not assessed,Not assessed,None (inferred from category),Not assessed,Not assessed,Not assessed,not assessed,12,16,,65.6803122,-18.0919291,"https://www.google.com/maps?q=65.6803122,-18.0919291"
Ljósafossstöð,Cultural Centres & Museums,Cultural Centres & Museums,South,,,Grímsnes- og Grafningshreppur,Unranked,Not assessed,Not assessed,Not assessed,Not assessed,None (inferred from category),Not assessed,Not assessed,Not assessed,not assessed,16,64,,64.0945201,-21.0102367,"https://www.google.com/maps?q=64.0945201,-21.0102367"
Minjahús,Cultural Centres & Museums,Cultural Centres & Museums,Northwest,,,Skagafjörður,Unranked,Not assessed,Not assessed,Not assessed,Not assessed,None (inferred from category),Not assessed,Not assessed,Not assessed,not assessed,4,10,,65.7510859,-19.6497067,"https://www.google.com/maps?q=65.7510859,-19.6497067"
Motorcycle Museum of Iceland,Cultural Centres & Museums,Cultural Centres & Museums,Northeast,,Akureyrarbær,Akureyrarbær,Unranked,Not assessed,Not assessed,Not assessed,Not assessed,None (inferred from category),Not assessed,Not assessed,Not assessed,not assessed,11,17,,65.6612636,-18.0803469,"https://www.google.com/maps?q=65.6612636,-18.0803469"
Museum of Icelandic Sorcery and Witchcraft,Cultural Centres & Museums,Cultural Centres & Museums,Westfjords,,,Strandabyggð,Unranked,Not assessed,Not assessed,Not assessed,Not assessed,None (inferred from category),Not assessed,Not assessed,Not assessed,not assessed,3,10,,65.7065374,-21.6656455,"https://www.google.com/maps?q=65.7065374,-21.6656455"
Museum of Prophecies,Cultural Centres & Museums,Cultural Centres & Museums,Northwest,,,Sveitarfélagið Skagaströnd,Unranked,Not assessed,Not assessed,Not assessed,Not assessed,None (inferred from category),Not assessed,Not assessed,Not assessed,not assessed,2,12,,65.822295,-20.3041859,"https://www.google.com/maps?q=65.822295,-20.3041859"
Neskaupstaður's Museum House,Cultural Centres & Museums,Cultural Centres & Museums,East,,,Fjarðabyggð,Unranked,Not assessed,Not assessed,Not assessed,Not assessed,None (inferred from category),Not assessed,Not assessed,Not assessed,not assessed,15,29,,65.1472782,-13.6886268,"https://www.google.com/maps?q=65.1472782,-13.6886268"
Petra's Stone Collection,Cultural Centres & Museums,Cultural Centres & Museums,East,,,Fjarðabyggð,Unranked,Not assessed,Not assessed,Not assessed,Not assessed,None (inferred from category),Not assessed,Not assessed,Not assessed,not assessed,7,24,,64.8354696,-13.8805212,"https://www.google.com/maps?q=64.8354696,-13.8805212"
Safnasafnið,Cultural Centres & Museums,Cultural Centres & Museums,Northeast,,,Svalbarðsstrandarhreppur,Unranked,Not assessed,Not assessed,Not assessed,Not assessed,None (inferred from category),Not assessed,Not assessed,Not assessed,not assessed,10,18,,65.7492851,-18.0750249,"https://www.google.com/maps?q=65.7492851,-18.0750249"
Sagnagarður,Cultural Centres & Museums,Cultural Centres & Museums,South,,,Rangárþing ytra,Unranked,Not assessed,Not assessed,Not assessed,Not assessed,None (inferred from category),Not assessed,Not assessed,Not assessed,not assessed,8,41,,63.8639504,-20.2174633,"https://www.google.com/maps?q=63.8639504,-20.2174633"
Samuel's Sculptures,Cultural Centres & Museums,Cultural Centres & Museums,Westfjords,,,Vesturbyggð,Unranked,Not assessed,Not assessed,Not assessed,Not assessed,None (inferred from category),Not assessed,Not assessed,Not assessed,not assessed,2,13,,65.7774894444444,-24.0037294444444,"https://www.google.com/maps?q=65.7774894444444,-24.0037294444444"
Seyðisfjörður Local Crafts Market,Cultural Centres & Museums,Cultural Centres & Museums,East,,,Múlaþing,Unranked,Not assessed,Not assessed,Not assessed,Not assessed,None (inferred from category),Not assessed,Not assessed,Not assessed,not assessed,15,30,,65.2612551,-14.0029013,"https://www.google.com/maps?q=65.2612551,-14.0029013"
Sigurgeir's Bird Museum,Cultural Centres & Museums,Cultural Centres & Museums,Northeast,,,Þingeyjarsveit,Unranked,Not assessed,Not assessed,Not assessed,Not assessed,None (inferred from category),Not assessed,Not assessed,Not assessed,not assessed,8,17,,65.628827,-16.9950577,"https://www.google.com/maps?q=65.628827,-16.9950577"
Skaftfell - Center for Visual Art,Cultural Centres & Museums,Cultural Centres & Museums,East,,,Múlaþing,Unranked,Not assessed,Not assessed,Not assessed,Not assessed,None (inferred from category),Not assessed,Not assessed,Not assessed,not assessed,15,30,,65.261529,-13.9986397,"https://www.google.com/maps?q=65.261529,-13.9986397"
Skagafjörður,Cultural Centres & Museums,Cultural Centres & Museums,Northwest,,,Skagafjörður,Unranked,Not assessed,Not assessed,Not assessed,Not assessed,None (inferred from category),Not assessed,Not assessed,Not assessed,not assessed,4,10,,65.746111,-19.639444,"https://www.google.com/maps?q=65.746111,-19.639444"
Skriduklaustur,Cultural Centres & Museums,Cultural Centres & Museums,East,,,Fljótsdalshreppur,Unranked,Not assessed,Not assessed,Not assessed,Not assessed,None (inferred from category),Not assessed,Not assessed,Not assessed,not assessed,1,13,,65.041417,-14.9532721,"https://www.google.com/maps?q=65.041417,-14.9532721"
Skógar Folk Museum,Cultural Centres & Museums,Cultural Centres & Museums,South,,,Rangárþing eystra,Unranked,Not assessed,Not assessed,Not assessed,Not assessed,None (inferred from category),Not assessed,Not assessed,Not assessed,not assessed,13,28,,63.5261584,-19.4929862,"https://www.google.com/maps?q=63.5261584,-19.4929862"
Snorrastofa,Cultural Centres & Museums,Cultural Centres & Museums,West,,Borgarbyggð,,Unranked,Not assessed,Not assessed,Not assessed,Not assessed,None (inferred from category),Not assessed,Not assessed,Not assessed,not assessed,2,16,,64.665034,-21.291099,"https://www.google.com/maps?q=64.665034,-21.291099"
Síldarminjasafn Íslands - The Herring Era Museum,Cultural Centres & Museums,Cultural Centres & Museums,Northeast,,,Fjallabyggð,Unranked,Not assessed,Not assessed,Not assessed,Not assessed,None (inferred from category),Not assessed,Not assessed,Not assessed,not assessed,3,8,,66.146992,-18.913227,"https://www.google.com/maps?q=66.146992,-18.913227"
The Exploration Museum,Cultural Centres & Museums,Cultural Centres & Museums,Northeast,,,Norðurþing,Unranked,Not assessed,Not assessed,Not assessed,Not assessed,None (inferred from category),Not assessed,Not assessed,Not assessed,not assessed,1,10,,66.047844,-17.3443520000001,"https://www.google.com/maps?q=66.047844,-17.3443520000001"
The Icelandic Sea Monster Museum,Cultural Centres & Museums,Cultural Centres & Museums,Westfjords,,,Vesturbyggð,Unranked,Not assessed,Not assessed,Not assessed,Not assessed,None (inferred from category),Not assessed,Not assessed,Not assessed,not assessed,6,16,,65.6866671,-23.5976886999999,"https://www.google.com/maps?q=65.6866671,-23.5976886999999"
The Settlement Center,Cultural Centres & Museums,Cultural Centres & Museums,West,,Borgarbyggð,,Unranked,Not assessed,Not assessed,Not assessed,Not assessed,None (inferred from category),Not assessed,Not assessed,Not assessed,not assessed,3,36,,64.535658,-21.9235610000001,"https://www.google.com/maps?q=64.535658,-21.9235610000001"
The Thórbergur Center,Cultural Centres & Museums,Cultural Centres & Museums,South,,,Sveitarfélagið Hornafjörður,Unranked,Not assessed,Not assessed,Not assessed,Not assessed,None (inferred from category),Not assessed,Not assessed,Not assessed,not assessed,4,17,,64.1297088,-16.0186672,"https://www.google.com/maps?q=64.1297088,-16.0186672"
Tækniminjasafn,Cultural Centres & Museums,Cultural Centres & Museums,East,,,Múlaþing,Unranked,Not assessed,Not assessed,Not assessed,Not assessed,None (inferred from category),Not assessed,Not assessed,Not assessed,not assessed,15,30,,65.2651211,-13.9921148999999,"https://www.google.com/maps?q=65.2651211,-13.9921148999999"
Vopnafjörður,Cultural Centres & Museums,Cultural Centres & Museums,East,,,Vopnafjarðarhreppur,Unranked,Not assessed,Not assessed,Not assessed,Not assessed,None (inferred from category),Not assessed,Not assessed,Not assessed,not assessed,0,1,,65.7549521,-14.8271966,"https://www.google.com/maps?q=65.7549521,-14.8271966"
Ásmundarsafn,Cultural Centres & Museums,Cultural Centres & Museums,Capital,,Reykjavíkurborg,Reykjavíkurborg,Unranked,Not assessed,Not assessed,Not assessed,Not assessed,None (inferred from category),Not assessed,Not assessed,Not assessed,not assessed,27,70,,64.1416311,-21.885167,"https://www.google.com/maps?q=64.1416311,-21.885167"
Gate of the Eyrie,Game of Thrones filming locations,Game of Thrones filming locations,South,,,Bláskógabyggð,Unranked,Not assessed,Not assessed,Not assessed,Not assessed,Not assessed,Not assessed,Not assessed,Not assessed,not assessed,10,69,,64.27043,-21.11065,"https://www.google.com/maps?q=64.27043,-21.11065"
Grjótagjá cave,Game of Thrones filming locations,Game of Thrones filming locations,Northeast,,,Þingeyjarsveit,Unranked,Not assessed,Not assessed,Not assessed,Not assessed,Not assessed,Not assessed,Not assessed,Not assessed,not assessed,8,14,,65.626145,-16.860559,"https://www.google.com/maps?q=65.626145,-16.860559"
Höfðabrekkuheiði,Game of Thrones filming locations,Game of Thrones filming locations,South,,,Mýrdalshreppur,Unranked,Not assessed,Not assessed,Not assessed,Not assessed,Not assessed,Not assessed,Not assessed,Not assessed,not assessed,10,20,,63.506963,-18.903093,"https://www.google.com/maps?q=63.506963,-18.903093"
Snæfellsjökull,Game of Thrones filming locations,Game of Thrones filming locations,West,,,Snæfellsbær,Unranked,Not assessed,Not assessed,Not assessed,Not assessed,Not assessed,Not assessed,Not assessed,Not assessed,not assessed,13,19,,64.805702,-23.773097,"https://www.google.com/maps?q=64.805702,-23.773097"
Svínafellsjökull,Game of Thrones filming locations,Game of Thrones filming locations,South,,,Sveitarfélagið Hornafjörður,Unranked,Not assessed,Not assessed,Not assessed,Not assessed,Not assessed,Not assessed,Not assessed,Not assessed,not assessed,6,13,,64.018592,-16.821478,"https://www.google.com/maps?q=64.018592,-16.821478"
Almenningur,Hikes / Places to Hike,Hikes / Places to Hike,Capital,,Hafnarfjarðarkaupstaður,,Unranked,Not assessed,Not assessed,Not assessed,Not assessed,Some walking (inferred from category),Not assessed,Not assessed,Not assessed,not assessed,36,64,,64.0054744444444,-22.0528791666667,"https://www.google.com/maps?q=64.0054744444444,-22.0528791666667"
Arnarsetur,Hikes / Places to Hike,Hikes / Places to Hike,Reykjanes,,,Grindavíkurbær,Unranked,Not assessed,Not assessed,Not assessed,Not assessed,Some walking (inferred from category),Not assessed,Not assessed,Not assessed,not assessed,30,58,,63.9055738888889,-22.4105736111111,"https://www.google.com/maps?q=63.9055738888889,-22.4105736111111"
Bolafjall,Hikes / Places to Hike,Hikes / Places to Hike,Westfjords,,Bolungarvíkurkaupstaður,,Unranked,Not assessed,Not assessed,Not assessed,Not assessed,Some walking (inferred from category),Not assessed,Not assessed,Not assessed,not assessed,8,14,,66.1707769,-23.2834625,"https://www.google.com/maps?q=66.1707769,-23.2834625"
Dimmuborgir,Hikes / Places to Hike,Hikes / Places to Hike,Northeast,,,Þingeyjarsveit,Unranked,Not assessed,Not assessed,Not assessed,Not assessed,Some walking (inferred from category),Not assessed,Not assessed,Not assessed,not assessed,8,13,,65.5860387,-16.9143105,"https://www.google.com/maps?q=65.5860387,-16.9143105"
"Einbúi, Jafnadal Valley",Hikes / Places to Hike,Hikes / Places to Hike,East,,,Fjarðabyggð,Unranked,Not assessed,Not assessed,Not assessed,Not assessed,Some walking (inferred from category),Not assessed,Not assessed,Not assessed,not assessed,11,29,,64.8759171,-14.004693,"https://www.google.com/maps?q=64.8759171,-14.004693"
Eldgjá Canyon,Hikes / Places to Hike,Hikes / Places to Hike,South,,,Skaftárhreppur,Unranked,Not assessed,Not assessed,Not assessed,Not assessed,Some walking (inferred from category),Not assessed,Not assessed,Not assessed,not assessed,2,19,,63.8949963888889,-18.7538680555556,"https://www.google.com/maps?q=63.8949963888889,-18.7538680555556"
Fimmvörðuháls pass,Hikes / Places to Hike,Hikes / Places to Hike,South,,,Rangárþing eystra,Unranked,Not assessed,Not assessed,Not assessed,Not assessed,Some walking (inferred from category),Not assessed,Not assessed,Not assessed,not assessed,12,32,,63.6220102777778,-19.4307155555556,"https://www.google.com/maps?q=63.6220102777778,-19.4307155555556"
Gerpir Area,Hikes / Places to Hike,Hikes / Places to Hike,East,,,Fjarðabyggð,Unranked,Not assessed,Not assessed,Not assessed,Not assessed,Some walking (inferred from category),Not assessed,Not assessed,Not assessed,not assessed,13,27,,65.0646759,-13.7075044,"https://www.google.com/maps?q=65.0646759,-13.7075044"
Gerpisvatn,Hikes / Places to Hike,Hikes / Places to Hike,East,,,Fjarðabyggð,Unranked,Not assessed,Not assessed,Not assessed,Not assessed,Some walking (inferred from category),Not assessed,Not assessed,Not assessed,not assessed,10,27,,65.061999,-13.5536957,"https://www.google.com/maps?q=65.061999,-13.5536957"
Grákinn,Hikes / Places to Hike,Hikes / Places to Hike,South,,,Sveitarfélagið Hornafjörður,Unranked,Not assessed,Not assessed,Not assessed,Not assessed,Some walking (inferred from category),Not assessed,Not assessed,Not assessed,not assessed,1,5,,64.4733333,-14.93,"https://www.google.com/maps?q=64.4733333,-14.93"
Grænafell Mountain,Hikes / Places to Hike,Hikes / Places to Hike,East,,,Fjarðabyggð,Unranked,Not assessed,Not assessed,Not assessed,Not assessed,Some walking (inferred from category),Not assessed,Not assessed,Not assessed,not assessed,10,29,,65.0413268,-14.3312359,"https://www.google.com/maps?q=65.0413268,-14.3312359"
Herdubreid,Hikes / Places to Hike,Hikes / Places to Hike,Northeast,,,Þingeyjarsveit,Unranked,Not assessed,Not assessed,Not assessed,Not assessed,Some walking (inferred from category),Not assessed,Not assessed,Not assessed,not assessed,0,3,,65.1752475,-16.3407898,"https://www.google.com/maps?q=65.1752475,-16.3407898"
Holmanes Nature Reserve,Hikes / Places to Hike,Hikes / Places to Hike,East,,,Fjarðabyggð,Unranked,Not assessed,Not assessed,Not assessed,Not assessed,Some walking (inferred from category),Not assessed,Not assessed,Not assessed,not assessed,23,29,,65.0444074,-14.0072582,"https://www.google.com/maps?q=65.0444074,-14.0072582"
Hornstrandir Nature Reserve,Hikes / Places to Hike,Hikes / Places to Hike,Westfjords,,,Ísafjarðarbær,Unranked,Not assessed,Not assessed,Not assessed,Not assessed,Some walking (inferred from category),Not assessed,Not assessed,Not assessed,not assessed,0,11,,66.3818067,-22.690337,"https://www.google.com/maps?q=66.3818067,-22.690337"
Keilir,Hikes / Places to Hike,Hikes / Places to Hike,Reykjanes,,Sveitarfélagið Vogar,,Unranked,Not assessed,Not assessed,Not assessed,Not assessed,Some walking (inferred from category),Not assessed,Not assessed,Not assessed,not assessed,23,64,,63.9408127777778,-22.1674975,"https://www.google.com/maps?q=63.9408127777778,-22.1674975"
Kjarnaskógur,Hikes / Places to Hike,Hikes / Places to Hike,Northeast,,Akureyrarbær,Akureyrarbær,Unranked,Not assessed,Not assessed,Not assessed,Not assessed,Some walking (inferred from category),Not assessed,Not assessed,Not assessed,not assessed,9,16,,65.6419299,-18.0981025,"https://www.google.com/maps?q=65.6419299,-18.0981025"
Kolugljúfur,Hikes / Places to Hike,Hikes / Places to Hike,Northwest,,,Húnaþing vestra,Unranked,Not assessed,Not assessed,Not assessed,Not assessed,Some walking (inferred from category),Not assessed,Not assessed,Not assessed,not assessed,4,5,,65.3324782,-20.5698988,"https://www.google.com/maps?q=65.3324782,-20.5698988"
Mt. Fagradalsfjall,Hikes / Places to Hike,Hikes / Places to Hike,Reykjanes,,,Grindavíkurbær,Unranked,Not assessed,Not assessed,Not assessed,Not assessed,Some walking (inferred from category),Not assessed,Not assessed,Not assessed,not assessed,27,61,,63.8975586111111,-22.2868713888889,"https://www.google.com/maps?q=63.8975586111111,-22.2868713888889"
Mt. Thorbjorn,Hikes / Places to Hike,Hikes / Places to Hike,Reykjanes,,,Grindavíkurbær,Unranked,Not assessed,Not assessed,Not assessed,Not assessed,Some walking (inferred from category),Not assessed,Not assessed,Not assessed,not assessed,28,54,,63.8652225,-22.4369158333334,"https://www.google.com/maps?q=63.8652225,-22.4369158333334"
Nauthúsagil Ravine,Hikes / Places to Hike,Hikes / Places to Hike,South,,,Rangárþing eystra,Unranked,Not assessed,Not assessed,Not assessed,Not assessed,Some walking (inferred from category),Not assessed,Not assessed,Not assessed,not assessed,14,30,,63.6677402,-19.8534107,"https://www.google.com/maps?q=63.6677402,-19.8534107"
Neskaupstaðar Nature Reserve,Hikes / Places to Hike,Hikes / Places to Hike,East,,,Fjarðabyggð,Unranked,Not assessed,Not assessed,Not assessed,Not assessed,Some walking (inferred from category),Not assessed,Not assessed,Not assessed,not assessed,15,29,,65.149907,-13.6593854,"https://www.google.com/maps?q=65.149907,-13.6593854"
Rauðfeldsgjá Gorge,Hikes / Places to Hike,Hikes / Places to Hike,West,,,Snæfellsbær,Unranked,Not assessed,Not assessed,Not assessed,Not assessed,Some walking (inferred from category),Not assessed,Not assessed,Not assessed,not assessed,17,19,,64.7992305,-23.6468194,"https://www.google.com/maps?q=64.7992305,-23.6468194"
Rauðhólar,Hikes / Places to Hike,Hikes / Places to Hike,Capital,,Reykjavíkurborg,Reykjavíkurborg,Unranked,Not assessed,Not assessed,Not assessed,Not assessed,Some walking (inferred from category),Not assessed,Not assessed,Not assessed,not assessed,29,71,,64.0955556,-21.7516667,"https://www.google.com/maps?q=64.0955556,-21.7516667"
Sandfell Mountain,Hikes / Places to Hike,Hikes / Places to Hike,Northeast,,,Norðurþing,Unranked,Not assessed,Not assessed,Not assessed,Not assessed,Some walking (inferred from category),Not assessed,Not assessed,Not assessed,not assessed,1,6,,66.1195732,-16.3962841,"https://www.google.com/maps?q=66.1195732,-16.3962841"
Saxhóll,Hikes / Places to Hike,Hikes / Places to Hike,West,,,Snæfellsbær,Unranked,Not assessed,Not assessed,Not assessed,Not assessed,Some walking (inferred from category),Not assessed,Not assessed,Not assessed,not assessed,12,19,,64.8516187,-23.9265535,"https://www.google.com/maps?q=64.8516187,-23.9265535"
Seljalandsdalur,Hikes / Places to Hike,Hikes / Places to Hike,Westfjords,,,Ísafjarðarbær,Unranked,Not assessed,Not assessed,Not assessed,Not assessed,Some walking (inferred from category),Not assessed,Not assessed,Not assessed,not assessed,10,16,,66.07,-23.2413889,"https://www.google.com/maps?q=66.07,-23.2413889"
Seltjarnarnes,Hikes / Places to Hike,Hikes / Places to Hike,Capital,,Seltjarnarnesbær,,Unranked,Not assessed,Not assessed,Not assessed,Not assessed,Some walking (inferred from category),Not assessed,Not assessed,Not assessed,not assessed,25,72,,64.1576706,-22.0178032,"https://www.google.com/maps?q=64.1576706,-22.0178032"
Sogin,Hikes / Places to Hike,Hikes / Places to Hike,Reykjanes,,,Grindavíkurbær,Unranked,Not assessed,Not assessed,Not assessed,Not assessed,Some walking (inferred from category),Not assessed,Not assessed,Not assessed,not assessed,28,64,,63.9315280555556,-22.1011886111112,"https://www.google.com/maps?q=63.9315280555556,-22.1011886111112"
Spákonufell,Hikes / Places to Hike,Hikes / Places to Hike,Northwest,,,Sveitarfélagið Skagaströnd,Unranked,Not assessed,Not assessed,Not assessed,Not assessed,Some walking (inferred from category),Not assessed,Not assessed,Not assessed,not assessed,3,11,,65.8454775,-20.2426052777778,"https://www.google.com/maps?q=65.8454775,-20.2426052777778"
Stakkholtsgjá,Hikes / Places to Hike,Hikes / Places to Hike,South,,,Rangárþing eystra,Unranked,Not assessed,Not assessed,Not assessed,Not assessed,Some walking (inferred from category),Not assessed,Not assessed,Not assessed,not assessed,13,32,,63.6749349,-19.5575523,"https://www.google.com/maps?q=63.6749349,-19.5575523"
Strandir,Hikes / Places to Hike,Hikes / Places to Hike,Westfjords,,,Kaldrananeshreppur,Unranked,Not assessed,Not assessed,Not assessed,Not assessed,Some walking (inferred from category),Not assessed,Not assessed,Not assessed,not assessed,4,8,,65.859444,-21.293056,"https://www.google.com/maps?q=65.859444,-21.293056"
Stórurð,Hikes / Places to Hike,Hikes / Places to Hike,East,,,Múlaþing,Unranked,Not assessed,Not assessed,Not assessed,Not assessed,Some walking (inferred from category),Not assessed,Not assessed,Not assessed,not assessed,1,17,,65.5144266666667,-13.9906375,"https://www.google.com/maps?q=65.5144266666667,-13.9906375"
The Stone Arch,Hikes / Places to Hike,Hikes / Places to Hike,East,,,Fjarðabyggð,Unranked,Not assessed,Not assessed,Not assessed,Not assessed,Some walking (inferred from category),Not assessed,Not assessed,Not assessed,not assessed,9,27,,64.8548461,-13.965683,"https://www.google.com/maps?q=64.8548461,-13.965683"
Valagil Ravine,Hikes / Places to Hike,Hikes / Places to Hike,Westfjords,,,Súðavíkurhreppur,Unranked,Not assessed,Not assessed,Not assessed,Not assessed,Some walking (inferred from category),Not assessed,Not assessed,Not assessed,not assessed,11,17,,65.9671563,-23.0855799,"https://www.google.com/maps?q=65.9671563,-23.0855799"
Videy,Hikes / Places to Hike,Hikes / Places to Hike,Capital,,Reykjavíkurborg,Reykjavíkurborg,Unranked,Not assessed,Not assessed,Not assessed,Not assessed,Some walking (inferred from category),Not assessed,Not assessed,Not assessed,not assessed,26,69,,64.164301,-21.8529023,"https://www.google.com/maps?q=64.164301,-21.8529023"
Ásbyrgi Canyon,Hikes / Places to Hike,Hikes / Places to Hike,Northeast,,,Norðurþing,Unranked,Not assessed,Not assessed,Not assessed,Not assessed,Some walking (inferred from category),Not assessed,Not assessed,Not assessed,not assessed,2,10,,66.0180879,-16.5056276,"https://www.google.com/maps?q=66.0180879,-16.5056276"
Úlfarsfell,Hikes / Places to Hike,Hikes / Places to Hike,Capital,,Reykjavíkurborg,Reykjavíkurborg,Unranked,Not assessed,Not assessed,Not assessed,Not assessed,Some walking (inferred from category),Not assessed,Not assessed,Not assessed,not assessed,25,68,,64.1468437,-21.7105051,"https://www.google.com/maps?q=64.1468437,-21.7105051"
Birkimelur Swimming Pool,Hot springs,Hot springs,Westfjords,,,Vesturbyggð,Unranked,Not assessed,Not assessed,Not assessed,Not assessed,Little or none (inferred from category),Not assessed,Not assessed,Not assessed,not assessed,3,9,,65.519615,-23.4053381,"https://www.google.com/maps?q=65.519615,-23.4053381"
Drangsnes,Hot springs,Hot springs,Westfjords,,,Kaldrananeshreppur,Unranked,Not assessed,Not assessed,Not assessed,Not assessed,Little or none (inferred from category),Not assessed,Not assessed,Not assessed,not assessed,3,9,,65.6910487,-21.4427376,"https://www.google.com/maps?q=65.6910487,-21.4427376"
Geothermal pool in Hofsós,Hot springs,Hot springs,Northwest,,,Skagafjörður,Unranked,Not assessed,Not assessed,Not assessed,Not assessed,Little or none (inferred from category),Not assessed,Not assessed,Not assessed,not assessed,4,13,,65.8957829,-19.410865,"https://www.google.com/maps?q=65.8957829,-19.410865"
Gudrunarlaug Natural Pool,Hot springs,Hot springs,West,,,Dalabyggð,Unranked,Not assessed,Not assessed,Not assessed,Not assessed,Little or none (inferred from category),Not assessed,Not assessed,Not assessed,not assessed,1,6,,65.2460168,-21.8040418,"https://www.google.com/maps?q=65.2460168,-21.8040418"
Hotel Heydalur,Hot springs,Hot springs,Westfjords,,,Súðavíkurhreppur,Unranked,Not assessed,Not assessed,Not assessed,Not assessed,Little or none (inferred from category),Not assessed,Not assessed,Not assessed,not assessed,3,18,,65.8439566,-22.6800456,"https://www.google.com/maps?q=65.8439566,-22.6800456"
Hotel Reykjanes,Hot springs,Hot springs,Westfjords,,,Súðavíkurhreppur,Unranked,Not assessed,Not assessed,Not assessed,Not assessed,Little or none (inferred from category),Not assessed,Not assessed,Not assessed,not assessed,2,16,,65.9273985,-22.4278163,"https://www.google.com/maps?q=65.9273985,-22.4278163"
Krossneslaug,Hot springs,Hot springs,Westfjords,,,Árneshreppur,Unranked,Not assessed,Not assessed,Not assessed,Not assessed,Little or none (inferred from category),Not assessed,Not assessed,Not assessed,not assessed,1,6,,66.0562592,-21.5085268,"https://www.google.com/maps?q=66.0562592,-21.5085268"
Kvika footbath,Hot springs,Hot springs,Capital,,Seltjarnarnesbær,,Unranked,Not assessed,Not assessed,Not assessed,Not assessed,Little or none (inferred from category),Not assessed,Not assessed,Not assessed,not assessed,25,71,,64.1623833,-22.0082667,"https://www.google.com/maps?q=64.1623833,-22.0082667"
Laugarvatn Fontana,Hot springs,Hot springs,South,,,Bláskógabyggð,Unranked,Not assessed,Not assessed,Not assessed,Not assessed,Little or none (inferred from category),Not assessed,Not assessed,Not assessed,not assessed,21,44,,64.2147063,-20.730172,"https://www.google.com/maps?q=64.2147063,-20.730172"
Nauthólsvík Geothermal Beach,Hot springs,Hot springs,Not assessed,,,,Unranked,Not assessed,Not assessed,Not assessed,Not assessed,Little or none (inferred from category),Not assessed,Not assessed,Not assessed,not assessed,30,73,,64.1212623,-21.9301271,"https://www.google.com/maps?q=64.1212623,-21.9301271"
Point 19,Hot springs,Hot springs,Capital,,Seltjarnarnesbær,,Unranked,Not assessed,Not assessed,Not assessed,Not assessed,Little or none (inferred from category),Not assessed,Not assessed,Not assessed,not assessed,25,71,,64.1649896,-22.0220005,"https://www.google.com/maps?q=64.1649896,-22.0220005"
Reykhólar seaweed baths,Hot springs,Hot springs,Westfjords,,,Reykhólahreppur,Unranked,Not assessed,Not assessed,Not assessed,Not assessed,Little or none (inferred from category),Not assessed,Not assessed,Not assessed,not assessed,0,8,,65.4500958,-22.2038841,"https://www.google.com/maps?q=65.4500958,-22.2038841"
Reykjafjörður Hot Pool,Hot springs,Hot springs,Westfjords,,,Ísafjarðarbær,Unranked,Not assessed,Not assessed,Not assessed,Not assessed,Little or none (inferred from category),Not assessed,Not assessed,Not assessed,not assessed,0,5,,66.2546944444444,-22.0862777777778,"https://www.google.com/maps?q=66.2546944444444,-22.0862777777778"
Secret Lagoon,Hot springs,Hot springs,South,,,Hrunamannahreppur,Unranked,Not assessed,Not assessed,Not assessed,Not assessed,Little or none (inferred from category),Not assessed,Not assessed,Not assessed,not assessed,20,41,,64.1378883,-20.3098637,"https://www.google.com/maps?q=64.1378883,-20.3098637"
Seljavallalaug,Hot springs,Hot springs,South,,,Rangárþing eystra,Unranked,Not assessed,Not assessed,Not assessed,Not assessed,Little or none (inferred from category),Not assessed,Not assessed,Not assessed,not assessed,13,30,,63.5659877,-19.6086192,"https://www.google.com/maps?q=63.5659877,-19.6086192"
Akranes,Points of Interest,Points of Interest,West,,Akraneskaupstaður,,Unranked,Not assessed,Not assessed,Not assessed,Not assessed,Little or none (inferred from category),Not assessed,Not assessed,Not assessed,not assessed,17,52,,64.326068,-22.067509,"https://www.google.com/maps?q=64.326068,-22.067509"
Akureyri,Points of Interest,Points of Interest,Northeast,,Akureyrarbær,Akureyrarbær,Unranked,Not assessed,Not assessed,Not assessed,Not assessed,Little or none (inferred from category),Not assessed,Not assessed,Not assessed,not assessed,10,16,,65.6884921,-18.1261694,"https://www.google.com/maps?q=65.6884921,-18.1261694"
Bolungarvík,Points of Interest,Points of Interest,Westfjords,,Bolungarvíkurkaupstaður,,Unranked,Not assessed,Not assessed,Not assessed,Not assessed,Little or none (inferred from category),Not assessed,Not assessed,Not assessed,not assessed,8,14,,66.155012,-23.253357,"https://www.google.com/maps?q=66.155012,-23.253357"
Borgarfjörður Eystri,Points of Interest,Points of Interest,East,,,Múlaþing,Unranked,Not assessed,Not assessed,Not assessed,Not assessed,Little or none (inferred from category),Not assessed,Not assessed,Not assessed,not assessed,1,15,,65.5265799,-13.8182044,"https://www.google.com/maps?q=65.5265799,-13.8182044"
Borgarvirki,Points of Interest,Points of Interest,Northwest,,,Húnaþing vestra,Unranked,Not assessed,Not assessed,Not assessed,Not assessed,Little or none (inferred from category),Not assessed,Not assessed,Not assessed,not assessed,5,10,,65.4750161111111,-20.5951830555556,"https://www.google.com/maps?q=65.4750161111111,-20.5951830555556"
Brautarholt / South Central,Points of Interest,Points of Interest,South,,,Skeiða- og Gnúpverjahreppur,Unranked,Not assessed,Not assessed,Not assessed,Not assessed,Little or none (inferred from category),Not assessed,Not assessed,Not assessed,not assessed,14,45,,64.022107,-20.52197,"https://www.google.com/maps?q=64.022107,-20.52197"
Bridge America - Europe,Points of Interest,Points of Interest,Reykjanes,,Reykjanesbær,,Unranked,Not assessed,Not assessed,Not assessed,Not assessed,Little or none (inferred from category),Not assessed,Not assessed,Not assessed,not assessed,22,48,,63.8683301,-22.6755023,"https://www.google.com/maps?q=63.8683301,-22.6755023"
Brimketill,Points of Interest,Points of Interest,Reykjanes,,,Grindavíkurbær,Unranked,Not assessed,Not assessed,Not assessed,Not assessed,Little or none (inferred from category),Not assessed,Not assessed,Not assessed,not assessed,19,46,,63.8179836111111,-22.5989097222223,"https://www.google.com/maps?q=63.8179836111111,-22.5989097222223"
Brúarhlöð,Points of Interest,Points of Interest,South,,,Hrunamannahreppur,Unranked,Not assessed,Not assessed,Not assessed,Not assessed,Little or none (inferred from category),Not assessed,Not assessed,Not assessed,not assessed,12,36,,64.3013756,-20.1552772,"https://www.google.com/maps?q=64.3013756,-20.1552772"
Dalatangi,Points of Interest,Points of Interest,East,,,Fjarðabyggð,Unranked,Not assessed,Not assessed,Not assessed,Not assessed,Little or none (inferred from category),Not assessed,Not assessed,Not assessed,not assessed,12,26,,65.2701748,-13.5756683,"https://www.google.com/maps?q=65.2701748,-13.5756683"
Dalvik,Points of Interest,Points of Interest,Northeast,,,Dalvíkurbyggð,Unranked,Not assessed,Not assessed,Not assessed,Not assessed,Little or none (inferred from category),Not assessed,Not assessed,Not assessed,not assessed,4,17,,65.9707003,-18.5326926,"https://www.google.com/maps?q=65.9707003,-18.5326926"
Drykkjarsteinn,Points of Interest,Points of Interest,Reykjanes,,,Grindavíkurbær,Unranked,Not assessed,Not assessed,Not assessed,Not assessed,Little or none (inferred from category),Not assessed,Not assessed,Not assessed,not assessed,25,57,,63.8544602777778,-22.2964041666667,"https://www.google.com/maps?q=63.8544602777778,-22.2964041666667"
Dverghamrar,Points of Interest,Points of Interest,South,,,Skaftárhreppur,Unranked,Not assessed,Not assessed,Not assessed,Not assessed,Little or none (inferred from category),Not assessed,Not assessed,Not assessed,not assessed,7,12,,63.8490011111111,-17.861471388889,"https://www.google.com/maps?q=63.8490011111111,-17.861471388889"
Dyrhólaey lighthouse,Points of Interest,Points of Interest,Not assessed,,,,Unranked,Not assessed,Not assessed,Not assessed,Not assessed,Little or none (inferred from category),Not assessed,Not assessed,Not assessed,not assessed,11,21,,63.3997473,-19.1259956,"https://www.google.com/maps?q=63.3997473,-19.1259956"
Efstidalur II,Points of Interest,Points of Interest,South,,,Bláskógabyggð,Unranked,Not assessed,Not assessed,Not assessed,Not assessed,Little or none (inferred from category),Not assessed,Not assessed,Not assessed,not assessed,17,41,,64.2424477,-20.5516435,"https://www.google.com/maps?q=64.2424477,-20.5516435"
Eldborg,Points of Interest,Points of Interest,West,,,Eyja- og Miklaholtshreppur,Unranked,Not assessed,Not assessed,Not assessed,Not assessed,Little or none (inferred from category),Not assessed,Not assessed,Not assessed,not assessed,3,12,,64.818789,-22.415972,"https://www.google.com/maps?q=64.818789,-22.415972"
Eldborg Crater,Points of Interest,Points of Interest,West,,Borgarbyggð,,Unranked,Not assessed,Not assessed,Not assessed,Not assessed,Little or none (inferred from category),Not assessed,Not assessed,Not assessed,not assessed,3,11,,64.796211,-22.3211291,"https://www.google.com/maps?q=64.796211,-22.3211291"
Eldvorp Ruins,Points of Interest,Points of Interest,Reykjanes,,,Grindavíkurbær,Unranked,Not assessed,Not assessed,Not assessed,Not assessed,Little or none (inferred from category),Not assessed,Not assessed,Not assessed,not assessed,23,51,,63.8401591666667,-22.5495322222223,"https://www.google.com/maps?q=63.8401591666667,-22.5495322222223"
Eldvörp,Points of Interest,Points of Interest,Reykjanes,,,Grindavíkurbær,Unranked,Not assessed,Not assessed,Not assessed,Not assessed,Little or none (inferred from category),Not assessed,Not assessed,Not assessed,not assessed,25,52,,63.8564044444444,-22.5385497222222,"https://www.google.com/maps?q=63.8564044444444,-22.5385497222222"
Eskifjörður,Points of Interest,Points of Interest,East,,,Fjarðabyggð,Unranked,Not assessed,Not assessed,Not assessed,Not assessed,Little or none (inferred from category),Not assessed,Not assessed,Not assessed,not assessed,20,30,,65.078627,-14.031816,"https://www.google.com/maps?q=65.078627,-14.031816"
Eyjafjallajökull volcano-glacier,Points of Interest,Points of Interest,South,,,Rangárþing eystra,Unranked,Not assessed,Not assessed,Not assessed,Not assessed,Little or none (inferred from category),Not assessed,Not assessed,Not assessed,not assessed,14,31,,63.6314128,-19.6083216,"https://www.google.com/maps?q=63.6314128,-19.6083216"
Festarfjall,Points of Interest,Points of Interest,Reykjanes,,,Grindavíkurbær,Unranked,Not assessed,Not assessed,Not assessed,Not assessed,Little or none (inferred from category),Not assessed,Not assessed,Not assessed,not assessed,25,57,,63.8600575,-22.3351205555556,"https://www.google.com/maps?q=63.8600575,-22.3351205555556"
Fjalladýrð,Points of Interest,Points of Interest,East,,,Múlaþing,Unranked,Not assessed,Not assessed,Not assessed,Not assessed,Little or none (inferred from category),Not assessed,Not assessed,Not assessed,not assessed,0,3,,65.331454,-15.683702,"https://www.google.com/maps?q=65.331454,-15.683702"
Flókalundur,Points of Interest,Points of Interest,Westfjords,,,Vesturbyggð,Unranked,Not assessed,Not assessed,Not assessed,Not assessed,Little or none (inferred from category),Not assessed,Not assessed,Not assessed,not assessed,3,11,,65.577382,-23.172655,"https://www.google.com/maps?q=65.577382,-23.172655"
Friðheimar,Points of Interest,Points of Interest,South,,,Bláskógabyggð,Unranked,Not assessed,Not assessed,Not assessed,Not assessed,Little or none (inferred from category),Not assessed,Not assessed,Not assessed,not assessed,19,44,,64.1783626,-20.4478078,"https://www.google.com/maps?q=64.1783626,-20.4478078"
Fáskrúðsfjörður,Points of Interest,Points of Interest,East,,,Fjarðabyggð,Unranked,Not assessed,Not assessed,Not assessed,Not assessed,Little or none (inferred from category),Not assessed,Not assessed,Not assessed,not assessed,12,29,,64.936589,-14.03585,"https://www.google.com/maps?q=64.936589,-14.03585"
Gardur,Points of Interest,Points of Interest,Reykjanes,,,Suðurnesjabær,Unranked,Not assessed,Not assessed,Not assessed,Not assessed,Little or none (inferred from category),Not assessed,Not assessed,Not assessed,not assessed,10,56,,64.0647084,-22.6380944,"https://www.google.com/maps?q=64.0647084,-22.6380944"
Garður lighthouse,Points of Interest,Points of Interest,Reykjanes,,,Suðurnesjabær,Unranked,Not assessed,Not assessed,Not assessed,Not assessed,Little or none (inferred from category),Not assessed,Not assessed,Not assessed,not assessed,7,56,,64.0823304,-22.6903725,"https://www.google.com/maps?q=64.0823304,-22.6903725"
Geothermal park Hverasvæðið,Points of Interest,Points of Interest,South,,Hveragerðisbær,,Unranked,Not assessed,Not assessed,Not assessed,Not assessed,Little or none (inferred from category),Not assessed,Not assessed,Not assessed,not assessed,12,64,,64.0010205,-21.1871983,"https://www.google.com/maps?q=64.0010205,-21.1871983"
Gerduberg Cliffs,Points of Interest,Points of Interest,West,,,Eyja- og Miklaholtshreppur,Unranked,Not assessed,Not assessed,Not assessed,Not assessed,Little or none (inferred from category),Not assessed,Not assessed,Not assessed,not assessed,3,12,,64.8512801,-22.3704018,"https://www.google.com/maps?q=64.8512801,-22.3704018"
Grettislaug,Points of Interest,Points of Interest,Northwest,,,Skagafjörður,Unranked,Not assessed,Not assessed,Not assessed,Not assessed,Little or none (inferred from category),Not assessed,Not assessed,Not assessed,not assessed,5,10,,65.8822262,-19.7365364,"https://www.google.com/maps?q=65.8822262,-19.7365364"
Grindavík,Points of Interest,Points of Interest,Reykjanes,,,Grindavíkurbær,Unranked,Not assessed,Not assessed,Not assessed,Not assessed,Little or none (inferred from category),Not assessed,Not assessed,Not assessed,not assessed,24,54,,63.843907,-22.420148,"https://www.google.com/maps?q=63.843907,-22.420148"
Grjótagjá,Points of Interest,Points of Interest,Northeast,,,Þingeyjarsveit,Unranked,Not assessed,Not assessed,Not assessed,Not assessed,Little or none (inferred from category),Not assessed,Not assessed,Not assessed,not assessed,8,14,,65.6264333333333,-16.8824833333333,"https://www.google.com/maps?q=65.6264333333333,-16.8824833333333"
Grundarfjörður,Points of Interest,Points of Interest,West,,Grundarfjarðarbær,,Unranked,Not assessed,Not assessed,Not assessed,Not assessed,Little or none (inferred from category),Not assessed,Not assessed,Not assessed,not assessed,9,24,,64.9246686,-23.260406,"https://www.google.com/maps?q=64.9246686,-23.260406"
Grænavatn,Points of Interest,Points of Interest,Capital,,Hafnarfjarðarkaupstaður,,Unranked,Not assessed,Not assessed,Not assessed,Not assessed,Little or none (inferred from category),Not assessed,Not assessed,Not assessed,not assessed,25,66,,63.8846919444444,-22.0544883333333,"https://www.google.com/maps?q=63.8846919444444,-22.0544883333333"
Grótta Island Lighthouse,Points of Interest,Points of Interest,Capital,,Seltjarnarnesbær,,Unranked,Not assessed,Not assessed,Not assessed,Not assessed,Little or none (inferred from category),Not assessed,Not assessed,Not assessed,not assessed,25,71,,64.1649896,-22.0220005,"https://www.google.com/maps?q=64.1649896,-22.0220005"
Gunnuhver,Points of Interest,Points of Interest,Reykjanes,,,Grindavíkurbær,Unranked,Not assessed,Not assessed,Not assessed,Not assessed,Little or none (inferred from category),Not assessed,Not assessed,Not assessed,not assessed,20,37,,63.8198611111111,-22.6873952777778,"https://www.google.com/maps?q=63.8198611111111,-22.6873952777778"
Hafnarberg Sea Cliffs,Points of Interest,Points of Interest,Reykjanes,,Reykjanesbær,,Unranked,Not assessed,Not assessed,Not assessed,Not assessed,Little or none (inferred from category),Not assessed,Not assessed,Not assessed,not assessed,22,43,,63.8813372222222,-22.7362247222222,"https://www.google.com/maps?q=63.8813372222222,-22.7362247222222"
Hallgrimskirkja,Points of Interest,Points of Interest,Capital,,Reykjavíkurborg,Reykjavíkurborg,Unranked,Not assessed,Not assessed,Not assessed,Not assessed,Little or none (inferred from category),Not assessed,Not assessed,Not assessed,not assessed,29,70,,64.1417149,-21.9266371,"https://www.google.com/maps?q=64.1417149,-21.9266371"
Heiðarbær,Points of Interest,Points of Interest,Northeast,,,Norðurþing,Unranked,Not assessed,Not assessed,Not assessed,Not assessed,Little or none (inferred from category),Not assessed,Not assessed,Not assessed,not assessed,1,26,,65.88842,-17.320848,"https://www.google.com/maps?q=65.88842,-17.320848"
Hellisheidi Power Plant,Points of Interest,Points of Interest,South,,,Sveitarfélagið Ölfus,Unranked,Not assessed,Not assessed,Not assessed,Not assessed,Little or none (inferred from category),Not assessed,Not assessed,Not assessed,not assessed,16,67,,64.0370884,-21.4011955,"https://www.google.com/maps?q=64.0370884,-21.4011955"
Hellissandur,Points of Interest,Points of Interest,West,,,Snæfellsbær,Unranked,Not assessed,Not assessed,Not assessed,Not assessed,Little or none (inferred from category),Not assessed,Not assessed,Not assessed,not assessed,12,19,,64.9162886,-23.8756753,"https://www.google.com/maps?q=64.9162886,-23.8756753"
Hellnar,Points of Interest,Points of Interest,West,,,Snæfellsbær,Unranked,Not assessed,Not assessed,Not assessed,Not assessed,Little or none (inferred from category),Not assessed,Not assessed,Not assessed,not assessed,13,20,,64.745796,-23.67584,"https://www.google.com/maps?q=64.745796,-23.67584"
Hjörleifshöfði,Points of Interest,Points of Interest,South,,,Mýrdalshreppur,Unranked,Not assessed,Not assessed,Not assessed,Not assessed,Little or none (inferred from category),Not assessed,Not assessed,Not assessed,not assessed,6,19,,63.4203363888889,-18.7494452777778,"https://www.google.com/maps?q=63.4203363888889,-18.7494452777778"
Hoffell Glacier,Points of Interest,Points of Interest,South,,,Sveitarfélagið Hornafjörður,Unranked,Not assessed,Not assessed,Not assessed,Not assessed,Little or none (inferred from category),Not assessed,Not assessed,Not assessed,not assessed,4,6,,64.4061346,-15.4069519,"https://www.google.com/maps?q=64.4061346,-15.4069519"
Hofskirkja,Points of Interest,Points of Interest,South,,,Sveitarfélagið Hornafjörður,Unranked,Not assessed,Not assessed,Not assessed,Not assessed,Little or none (inferred from category),Not assessed,Not assessed,Not assessed,not assessed,7,13,,63.9069658,-16.7069467,"https://www.google.com/maps?q=63.9069658,-16.7069467"
Hot-dog stand,Points of Interest,Points of Interest,Capital,,Reykjavíkurborg,Reykjavíkurborg,Unranked,Not assessed,Not assessed,Not assessed,Not assessed,Little or none (inferred from category),Not assessed,Not assessed,Not assessed,not assessed,26,70,,64.1482404,-21.9378297,"https://www.google.com/maps?q=64.1482404,-21.9378297"
Hvammstangi,Points of Interest,Points of Interest,Northwest,,,Húnaþing vestra,Unranked,Not assessed,Not assessed,Not assessed,Not assessed,Little or none (inferred from category),Not assessed,Not assessed,Not assessed,not assessed,3,10,,65.402297,-20.9295,"https://www.google.com/maps?q=65.402297,-20.9295"
Hveravellir Geothermal Area,Points of Interest,Points of Interest,Northwest,,,Húnabyggð,Unranked,Not assessed,Not assessed,Not assessed,Not assessed,Little or none (inferred from category),Not assessed,Not assessed,Not assessed,not assessed,1,3,,64.8672463,-19.5500043,"https://www.google.com/maps?q=64.8672463,-19.5500043"
Hvitserkur,Points of Interest,Points of Interest,Not assessed,,,,Unranked,Not assessed,Not assessed,Not assessed,Not assessed,Little or none (inferred from category),Not assessed,Not assessed,Not assessed,not assessed,2,15,,65.6063129,-20.6352359,"https://www.google.com/maps?q=65.6063129,-20.6352359"
Hvítanes seal colony,Points of Interest,Points of Interest,Westfjords,,,Súðavíkurhreppur,Unranked,Not assessed,Not assessed,Not assessed,Not assessed,Little or none (inferred from category),Not assessed,Not assessed,Not assessed,not assessed,9,15,,66.0028558,-22.7890777,"https://www.google.com/maps?q=66.0028558,-22.7890777"
Höfn,Points of Interest,Points of Interest,Not assessed,,,,Unranked,Not assessed,Not assessed,Not assessed,Not assessed,Little or none (inferred from category),Not assessed,Not assessed,Not assessed,not assessed,4,6,,64.2497026,-15.2020077,"https://www.google.com/maps?q=64.2497026,-15.2020077"
Húsabakki,Points of Interest,Points of Interest,Northeast,,,Dalvíkurbyggð,Unranked,Not assessed,Not assessed,Not assessed,Not assessed,Little or none (inferred from category),Not assessed,Not assessed,Not assessed,not assessed,4,17,,65.923902,-18.568729,"https://www.google.com/maps?q=65.923902,-18.568729"
Katlahraun Lava Fields,Points of Interest,Points of Interest,Reykjanes,,,Grindavíkurbær,Unranked,Not assessed,Not assessed,Not assessed,Not assessed,Little or none (inferred from category),Not assessed,Not assessed,Not assessed,not assessed,25,57,,63.8400488888889,-22.245138888889,"https://www.google.com/maps?q=63.8400488888889,-22.245138888889"
Kirkjubæjarklaustur,Points of Interest,Points of Interest,South,,,Skaftárhreppur,Unranked,Not assessed,Not assessed,Not assessed,Not assessed,Little or none (inferred from category),Not assessed,Not assessed,Not assessed,not assessed,7,10,,63.7800741,-18.0897540999999,"https://www.google.com/maps?q=63.7800741,-18.0897540999999"
Kirkjugólf,Points of Interest,Points of Interest,South,,,Skaftárhreppur,Unranked,Not assessed,Not assessed,Not assessed,Not assessed,Little or none (inferred from category),Not assessed,Not assessed,Not assessed,not assessed,7,9,,63.7953654,-18.0463781,"https://www.google.com/maps?q=63.7953654,-18.0463781"
Kleifarmörk,Points of Interest,Points of Interest,South,,,Skaftárhreppur,Unranked,Not assessed,Not assessed,Not assessed,Not assessed,Little or none (inferred from category),Not assessed,Not assessed,Not assessed,not assessed,7,9,,63.798445,-18.054013,"https://www.google.com/maps?q=63.798445,-18.054013"
Kleifarvatn,Points of Interest,Points of Interest,Reykjanes,,,Grindavíkurbær,Unranked,Not assessed,Not assessed,Not assessed,Not assessed,Little or none (inferred from category),Not assessed,Not assessed,Not assessed,not assessed,29,67,,63.9257301,-21.9715926,"https://www.google.com/maps?q=63.9257301,-21.9715926"
Krafla Power Plant,Points of Interest,Points of Interest,Northeast,,,Þingeyjarsveit,Unranked,Not assessed,Not assessed,Not assessed,Not assessed,Little or none (inferred from category),Not assessed,Not assessed,Not assessed,not assessed,9,16,,65.7031739,-16.7751788,"https://www.google.com/maps?q=65.7031739,-16.7751788"
Langbrók,Points of Interest,Points of Interest,South,,,Rangárþing eystra,Unranked,Not assessed,Not assessed,Not assessed,Not assessed,Little or none (inferred from category),Not assessed,Not assessed,Not assessed,not assessed,7,35,,63.750325,-20.20949,"https://www.google.com/maps?q=63.750325,-20.20949"
Langjökull Glacier,Points of Interest,Points of Interest,South,,,Bláskógabyggð,Unranked,Not assessed,Not assessed,Not assessed,Not assessed,Little or none (inferred from category),Not assessed,Not assessed,Not assessed,not assessed,2,16,,64.6561868,-20.1531476,"https://www.google.com/maps?q=64.6561868,-20.1531476"
Laugar,Points of Interest,Points of Interest,West,,,Dalabyggð,Unranked,Not assessed,Not assessed,Not assessed,Not assessed,Little or none (inferred from category),Not assessed,Not assessed,Not assessed,not assessed,1,6,,65.24634,-21.803827,"https://www.google.com/maps?q=65.24634,-21.803827"
Londrangar Basalt Cliffs,Points of Interest,Points of Interest,West,,,Snæfellsbær,Unranked,Not assessed,Not assessed,Not assessed,Not assessed,Little or none (inferred from category),Not assessed,Not assessed,Not assessed,not assessed,13,18,,64.7354463,-23.7756157,"https://www.google.com/maps?q=64.7354463,-23.7756157"
Látrabjarg,Points of Interest,Points of Interest,Not assessed,,,,Unranked,Not assessed,Not assessed,Not assessed,Not assessed,Little or none (inferred from category),Not assessed,Not assessed,Not assessed,not assessed,0,4,,65.5025457,-24.5324707,"https://www.google.com/maps?q=65.5025457,-24.5324707"
Lónsá,Points of Interest,Points of Interest,Northeast,,,Hörgársveit,Unranked,Not assessed,Not assessed,Not assessed,Not assessed,Little or none (inferred from category),Not assessed,Not assessed,Not assessed,not assessed,10,17,,65.7012,-18.153609,"https://www.google.com/maps?q=65.7012,-18.153609"
Lögberg,Points of Interest,Points of Interest,South,,,Bláskógabyggð,Unranked,Not assessed,Not assessed,Not assessed,Not assessed,Little or none (inferred from category),Not assessed,Not assessed,Not assessed,not assessed,10,68,,64.2597454,-21.1223641,"https://www.google.com/maps?q=64.2597454,-21.1223641"
Mt. Hekla,Points of Interest,Points of Interest,South,,,Rangárþing ytra,Unranked,Not assessed,Not assessed,Not assessed,Not assessed,Little or none (inferred from category),Not assessed,Not assessed,Not assessed,not assessed,3,40,,63.9922607,-19.6658149,"https://www.google.com/maps?q=63.9922607,-19.6658149"
Mýrdalsjökull Glacier,Points of Interest,Points of Interest,South,,,Skaftárhreppur,Unranked,Not assessed,Not assessed,Not assessed,Not assessed,Little or none (inferred from category),Not assessed,Not assessed,Not assessed,not assessed,5,29,,63.6449015,-19.0355297,"https://www.google.com/maps?q=63.6449015,-19.0355297"
Nesjavallavirkjun,Points of Interest,Points of Interest,South,,,Grímsnes- og Grafningshreppur,Unranked,Not assessed,Not assessed,Not assessed,Not assessed,Little or none (inferred from category),Not assessed,Not assessed,Not assessed,not assessed,19,68,,64.1082283,-21.2571287000001,"https://www.google.com/maps?q=64.1082283,-21.2571287000001"
Nordfjödur,Points of Interest,Points of Interest,East,,,Fjarðabyggð,Unranked,Not assessed,Not assessed,Not assessed,Not assessed,Little or none (inferred from category),Not assessed,Not assessed,Not assessed,not assessed,15,29,,65.150948,-13.67918,"https://www.google.com/maps?q=65.150948,-13.67918"
Olafsvík,Points of Interest,Points of Interest,West,,,Snæfellsbær,Unranked,Not assessed,Not assessed,Not assessed,Not assessed,Little or none (inferred from category),Not assessed,Not assessed,Not assessed,not assessed,17,20,,64.88927,-23.687725,"https://www.google.com/maps?q=64.88927,-23.687725"
Old Akranes Lighthouse,Points of Interest,Points of Interest,West,,Akraneskaupstaður,,Unranked,Not assessed,Not assessed,Not assessed,Not assessed,Little or none (inferred from category),Not assessed,Not assessed,Not assessed,not assessed,16,52,,64.3077599,-22.0954361,"https://www.google.com/maps?q=64.3077599,-22.0954361"
Olkelda Mineral Spring,Points of Interest,Points of Interest,West,,,Snæfellsbær,Unranked,Not assessed,Not assessed,Not assessed,Not assessed,Little or none (inferred from category),Not assessed,Not assessed,Not assessed,not assessed,5,24,,64.8364554,-22.9756123,"https://www.google.com/maps?q=64.8364554,-22.9756123"
Point Asknes,Points of Interest,Points of Interest,East,,,Fjarðabyggð,Unranked,Not assessed,Not assessed,Not assessed,Not assessed,Little or none (inferred from category),Not assessed,Not assessed,Not assessed,not assessed,19,30,,65.1975081,-13.8830709,"https://www.google.com/maps?q=65.1975081,-13.8830709"
Raudamelsolkeda Mineral Spring,Points of Interest,Points of Interest,West,,,Eyja- og Miklaholtshreppur,Unranked,Not assessed,Not assessed,Not assessed,Not assessed,Little or none (inferred from category),Not assessed,Not assessed,Not assessed,not assessed,3,13,,64.895584,-22.338753,"https://www.google.com/maps?q=64.895584,-22.338753"
Rauðisandur Beach,Points of Interest,Points of Interest,Westfjords,,,Vesturbyggð,Unranked,Not assessed,Not assessed,Not assessed,Not assessed,Little or none (inferred from category),Not assessed,Not assessed,Not assessed,not assessed,1,8,,65.4750808,-23.9916096,"https://www.google.com/maps?q=65.4750808,-23.9916096"
Reykjanesviti,Points of Interest,Points of Interest,Reykjanes,,Reykjanesbær,,Unranked,Not assessed,Not assessed,Not assessed,Not assessed,Little or none (inferred from category),Not assessed,Not assessed,Not assessed,not assessed,19,34,,63.8136435,-22.7147152,"https://www.google.com/maps?q=63.8136435,-22.7147152"
Reyðarfjörður,Points of Interest,Points of Interest,East,,,Fjarðabyggð,Unranked,Not assessed,Not assessed,Not assessed,Not assessed,Little or none (inferred from category),Not assessed,Not assessed,Not assessed,not assessed,10,29,,65.034372,-14.241071,"https://www.google.com/maps?q=65.034372,-14.241071"
Sangerdi,Points of Interest,Points of Interest,Reykjanes,,,Suðurnesjabær,Unranked,Not assessed,Not assessed,Not assessed,Not assessed,Little or none (inferred from category),Not assessed,Not assessed,Not assessed,not assessed,17,56,,64.036797,-22.687433,"https://www.google.com/maps?q=64.036797,-22.687433"
Sauðárkrókur,Points of Interest,Points of Interest,Northwest,,,Skagafjörður,Unranked,Not assessed,Not assessed,Not assessed,Not assessed,Little or none (inferred from category),Not assessed,Not assessed,Not assessed,not assessed,4,10,,65.748881,-19.647642,"https://www.google.com/maps?q=65.748881,-19.647642"
Saxa Sea Geysir,Points of Interest,Points of Interest,Not assessed,,,,Unranked,Not assessed,Not assessed,Not assessed,Not assessed,Little or none (inferred from category),Not assessed,Not assessed,Not assessed,not assessed,6,24,,64.8266168,-13.8247973,"https://www.google.com/maps?q=64.8266168,-13.8247973"
Selatangar,Points of Interest,Points of Interest,Reykjanes,,,Grindavíkurbær,Unranked,Not assessed,Not assessed,Not assessed,Not assessed,Little or none (inferred from category),Not assessed,Not assessed,Not assessed,not assessed,25,57,,63.8380195,-22.2407055,"https://www.google.com/maps?q=63.8380195,-22.2407055"
Seltún Geothermal Area,Points of Interest,Points of Interest,Capital,,Hafnarfjarðarkaupstaður,,Unranked,Not assessed,Not assessed,Not assessed,Not assessed,Little or none (inferred from category),Not assessed,Not assessed,Not assessed,not assessed,24,66,,63.8957411,-22.051772,"https://www.google.com/maps?q=63.8957411,-22.051772"
Seydisfjordur,Points of Interest,Points of Interest,East,,,Múlaþing,Unranked,Not assessed,Not assessed,Not assessed,Not assessed,Little or none (inferred from category),Not assessed,Not assessed,Not assessed,not assessed,15,30,,65.2598494,-14.0101156,"https://www.google.com/maps?q=65.2598494,-14.0101156"
Seyðisfjörður,Points of Interest,Points of Interest,East,,,Múlaþing,Unranked,Not assessed,Not assessed,Not assessed,Not assessed,Little or none (inferred from category),Not assessed,Not assessed,Not assessed,not assessed,15,30,,65.259906,-14.012514,"https://www.google.com/maps?q=65.259906,-14.012514"
Siglufjördur,Points of Interest,Points of Interest,Northeast,,,Fjallabyggð,Unranked,Not assessed,Not assessed,Not assessed,Not assessed,Little or none (inferred from category),Not assessed,Not assessed,Not assessed,not assessed,3,8,,66.149516,-18.90878,"https://www.google.com/maps?q=66.149516,-18.90878"
Skagaströnd,Points of Interest,Points of Interest,Northwest,,,Sveitarfélagið Skagaströnd,Unranked,Not assessed,Not assessed,Not assessed,Not assessed,Little or none (inferred from category),Not assessed,Not assessed,Not assessed,not assessed,2,11,,65.825203,-20.295203,"https://www.google.com/maps?q=65.825203,-20.295203"
Skjól,Points of Interest,Points of Interest,South,,,Bláskógabyggð,Unranked,Not assessed,Not assessed,Not assessed,Not assessed,Little or none (inferred from category),Not assessed,Not assessed,Not assessed,not assessed,12,36,,64.311181,-20.233834,"https://www.google.com/maps?q=64.311181,-20.233834"
Skálholt Cathedral,Points of Interest,Points of Interest,South,,,Bláskógabyggð,Unranked,Not assessed,Not assessed,Not assessed,Not assessed,Little or none (inferred from category),Not assessed,Not assessed,Not assessed,not assessed,19,45,,64.1252892,-20.524435,"https://www.google.com/maps?q=64.1252892,-20.524435"
Slakki,Points of Interest,Points of Interest,South,,,Bláskógabyggð,Unranked,Not assessed,Not assessed,Not assessed,Not assessed,Little or none (inferred from category),Not assessed,Not assessed,Not assessed,not assessed,18,45,,64.115743,-20.5034389,"https://www.google.com/maps?q=64.115743,-20.5034389"
Stokkseyri,Points of Interest,Points of Interest,South,,,Sveitarfélagið Árborg,Unranked,Not assessed,Not assessed,Not assessed,Not assessed,Little or none (inferred from category),Not assessed,Not assessed,Not assessed,not assessed,8,46,,63.835512,-21.055899,"https://www.google.com/maps?q=63.835512,-21.055899"
Strandarkirkja,Points of Interest,Points of Interest,South,,,Sveitarfélagið Ölfus,Unranked,Not assessed,Not assessed,Not assessed,Not assessed,Little or none (inferred from category),Not assessed,Not assessed,Not assessed,not assessed,11,59,,63.8357725,-21.7046607,"https://www.google.com/maps?q=63.8357725,-21.7046607"
Ströndin Vestan Grindavíkur,Points of Interest,Points of Interest,Reykjanes,,,Grindavíkurbær,Unranked,Not assessed,Not assessed,Not assessed,Not assessed,Little or none (inferred from category),Not assessed,Not assessed,Not assessed,not assessed,22,53,,63.8273569444444,-22.4675386111111,"https://www.google.com/maps?q=63.8273569444444,-22.4675386111111"
Stykkishólmur,Points of Interest,Points of Interest,West,,,Sveitarfélagið Stykkishólmur,Unranked,Not assessed,Not assessed,Not assessed,Not assessed,Little or none (inferred from category),Not assessed,Not assessed,Not assessed,not assessed,0,16,,65.0728985,-22.7357311,"https://www.google.com/maps?q=65.0728985,-22.7357311"
Stóri-Karl,Points of Interest,Points of Interest,Northeast,,,Langanesbyggð,Unranked,Not assessed,Not assessed,Not assessed,Not assessed,Little or none (inferred from category),Not assessed,Not assessed,Not assessed,not assessed,0,1,,66.3859018,-14.8569906,"https://www.google.com/maps?q=66.3859018,-14.8569906"
Stöðvarfjörður,Points of Interest,Points of Interest,East,,,Fjarðabyggð,Unranked,Not assessed,Not assessed,Not assessed,Not assessed,Little or none (inferred from category),Not assessed,Not assessed,Not assessed,not assessed,7,24,,64.832836,-13.861646,"https://www.google.com/maps?q=64.832836,-13.861646"
Svörtuloft Lighthouse,Points of Interest,Points of Interest,West,,,Snæfellsbær,Unranked,Not assessed,Not assessed,Not assessed,Not assessed,Little or none (inferred from category),Not assessed,Not assessed,Not assessed,not assessed,12,18,,64.8637136,-24.039071,"https://www.google.com/maps?q=64.8637136,-24.039071"
Sólfarið (Sun Voyager),Points of Interest,Points of Interest,Capital,,Reykjavíkurborg,Reykjavíkurborg,Unranked,Not assessed,Not assessed,Not assessed,Not assessed,Little or none (inferred from category),Not assessed,Not assessed,Not assessed,not assessed,27,70,,64.14761,-21.9222878,"https://www.google.com/maps?q=64.14761,-21.9222878"
Sólheimar Ecovillage,Points of Interest,Points of Interest,South,,,Grímsnes- og Grafningshreppur,Unranked,Not assessed,Not assessed,Not assessed,Not assessed,Little or none (inferred from category),Not assessed,Not assessed,Not assessed,not assessed,15,47,,64.0656168,-20.6418696,"https://www.google.com/maps?q=64.0656168,-20.6418696"
T-bær,Points of Interest,Points of Interest,South,,,Sveitarfélagið Ölfus,Unranked,Not assessed,Not assessed,Not assessed,Not assessed,Little or none (inferred from category),Not assessed,Not assessed,Not assessed,not assessed,11,57,,63.832221,-21.688192,"https://www.google.com/maps?q=63.832221,-21.688192"
The Highlands,Points of Interest,Points of Interest,South,,,Skeiða- og Gnúpverjahreppur,Unranked,Not assessed,Not assessed,Not assessed,Not assessed,Little or none (inferred from category),Not assessed,Not assessed,Not assessed,not assessed,0,0,,64.7788071,-18.5009766,"https://www.google.com/maps?q=64.7788071,-18.5009766"
Tungudalur,Points of Interest,Points of Interest,Westfjords,,,Ísafjarðarbær,Unranked,Not assessed,Not assessed,Not assessed,Not assessed,Little or none (inferred from category),Not assessed,Not assessed,Not assessed,not assessed,10,16,,66.0633125,-23.1837276,"https://www.google.com/maps?q=66.0633125,-23.1837276"
Tálkanfjördur,Points of Interest,Points of Interest,Westfjords,,,Vesturbyggð,Unranked,Not assessed,Not assessed,Not assessed,Not assessed,Little or none (inferred from category),Not assessed,Not assessed,Not assessed,not assessed,4,8,,65.626475,-23.829538,"https://www.google.com/maps?q=65.626475,-23.829538"
Valahnúkamöl,Points of Interest,Points of Interest,Reykjanes,,Reykjanesbær,,Unranked,Not assessed,Not assessed,Not assessed,Not assessed,Little or none (inferred from category),Not assessed,Not assessed,Not assessed,not assessed,19,34,,63.8125011,-22.7156221,"https://www.google.com/maps?q=63.8125011,-22.7156221"
Varmaland,Points of Interest,Points of Interest,West,,Borgarbyggð,,Unranked,Not assessed,Not assessed,Not assessed,Not assessed,Little or none (inferred from category),Not assessed,Not assessed,Not assessed,not assessed,2,16,,64.689209,-21.59292,"https://www.google.com/maps?q=64.689209,-21.59292"
Vatnsdalshólar,Points of Interest,Points of Interest,Northwest,,,Húnabyggð,Unranked,Not assessed,Not assessed,Not assessed,Not assessed,Little or none (inferred from category),Not assessed,Not assessed,Not assessed,not assessed,3,13,,65.4963458333333,-20.3790361111111,"https://www.google.com/maps?q=65.4963458333333,-20.3790361111111"
Vík,Points of Interest,Points of Interest,South,,,Mýrdalshreppur,Unranked,Not assessed,Not assessed,Not assessed,Not assessed,Little or none (inferred from category),Not assessed,Not assessed,Not assessed,not assessed,8,18,,63.4186315,-19.0060479,"https://www.google.com/maps?q=63.4186315,-19.0060479"
Vík Í Myrdal,Points of Interest,Points of Interest,South,,,Mýrdalshreppur,Unranked,Not assessed,Not assessed,Not assessed,Not assessed,Little or none (inferred from category),Not assessed,Not assessed,Not assessed,not assessed,8,18,,63.419283,-18.995619,"https://www.google.com/maps?q=63.419283,-18.995619"
Westmann islands,Points of Interest,Points of Interest,South,,Vestmannaeyjabær,,Unranked,Not assessed,Not assessed,Not assessed,Not assessed,Little or none (inferred from category),Not assessed,Not assessed,Not assessed,not assessed,2,18,,63.4308602,-20.2684021,"https://www.google.com/maps?q=63.4308602,-20.2684021"
Álfaskeid,Points of Interest,Points of Interest,South,,,Hrunamannahreppur,Unranked,Not assessed,Not assessed,Not assessed,Not assessed,Little or none (inferred from category),Not assessed,Not assessed,Not assessed,not assessed,15,44,,64.088107,-20.430536,"https://www.google.com/maps?q=64.088107,-20.430536"
Árnes,Points of Interest,Points of Interest,South,,,Skeiða- og Gnúpverjahreppur,Unranked,Not assessed,Not assessed,Not assessed,Not assessed,Little or none (inferred from category),Not assessed,Not assessed,Not assessed,not assessed,13,46,,64.041589,-20.250341,"https://www.google.com/maps?q=64.041589,-20.250341"
Ísafjörður,Points of Interest,Points of Interest,Westfjords,,,Ísafjarðarbær,Unranked,Not assessed,Not assessed,Not assessed,Not assessed,Little or none (inferred from category),Not assessed,Not assessed,Not assessed,not assessed,10,16,,66.0613151,-23.1789034,"https://www.google.com/maps?q=66.0613151,-23.1789034"
Ólafsfjarðar,Points of Interest,Points of Interest,Northeast,,,Fjallabyggð,Unranked,Not assessed,Not assessed,Not assessed,Not assessed,Little or none (inferred from category),Not assessed,Not assessed,Not assessed,not assessed,5,11,,66.071186,-18.648932,"https://www.google.com/maps?q=66.071186,-18.648932"
Ólafsvík,Points of Interest,Points of Interest,Not assessed,,,,Unranked,Not assessed,Not assessed,Not assessed,Not assessed,Little or none (inferred from category),Not assessed,Not assessed,Not assessed,not assessed,17,20,,64.8960485,-23.7060262,"https://www.google.com/maps?q=64.8960485,-23.7060262"
Þingeyri,Points of Interest,Points of Interest,Westfjords,,,Ísafjarðarbær,Unranked,Not assessed,Not assessed,Not assessed,Not assessed,Little or none (inferred from category),Not assessed,Not assessed,Not assessed,not assessed,7,18,,65.879855,-23.495464,"https://www.google.com/maps?q=65.879855,-23.495464"
Þorlákshöfn,Points of Interest,Points of Interest,South,,,Sveitarfélagið Ölfus,Unranked,Not assessed,Not assessed,Not assessed,Not assessed,Little or none (inferred from category),Not assessed,Not assessed,Not assessed,not assessed,11,55,,63.852964,-21.384426,"https://www.google.com/maps?q=63.852964,-21.384426"
Þórshöfn,Points of Interest,Points of Interest,Northeast,,,Langanesbyggð,Unranked,Not assessed,Not assessed,Not assessed,Not assessed,Little or none (inferred from category),Not assessed,Not assessed,Not assessed,not assessed,0,2,,66.20072,-15.337536,"https://www.google.com/maps?q=66.20072,-15.337536"
Hvalfjörður Tunnel,The Ring Road,The Ring Road,Not assessed,,,,Unranked,Not assessed,Not assessed,Not assessed,Not assessed,Not assessed,Not assessed,Not assessed,Not assessed,not assessed,20,54,,64.3019473,-21.8631227,"https://www.google.com/maps?q=64.3019473,-21.8631227"
The Ring Road,The Ring Road,The Ring Road,Not assessed,,,,Unranked,Not assessed,Not assessed,Not assessed,Not assessed,Not assessed,Not assessed,Not assessed,Not assessed,not assessed,,,yes,64.14,-21.9,"https://www.google.com/maps?q=64.14,-21.9"
Golden Circle Route,The Ultimate Golden Circle Route,The Ultimate Golden Circle Route,Not assessed,,,,Unranked,Not assessed,Not assessed,Not assessed,Not assessed,Not assessed,Not assessed,Not assessed,Not assessed,not assessed,,,yes,64.255,-20.73,"https://www.google.com/maps?q=64.255,-20.73"
ATV adventures near Bláfjöll,Tours and activities,Tours and activities,South,,,Sveitarfélagið Ölfus,Unranked,Not assessed,Not assessed,Not assessed,Not assessed,Not assessed,Not assessed,Not assessed,Not assessed,not assessed,28,68,,63.9770155,-21.6037562,"https://www.google.com/maps?q=63.9770155,-21.6037562"
ATV adventures near Reykjavík,Tours and activities,Tours and activities,Capital,,Reykjavíkurborg,Reykjavíkurborg,Unranked,Not assessed,Not assessed,Not assessed,Not assessed,Not assessed,Not assessed,Not assessed,Not assessed,not assessed,25,70,,64.136188,-21.7252174,"https://www.google.com/maps?q=64.136188,-21.7252174"
Buggy Adventures near Reykjavík,Tours and activities,Tours and activities,Capital,,Reykjavíkurborg,Reykjavíkurborg,Unranked,Not assessed,Not assessed,Not assessed,Not assessed,Not assessed,Not assessed,Not assessed,Not assessed,not assessed,26,70,,64.1347942,-21.7554797,"https://www.google.com/maps?q=64.1347942,-21.7554797"
Cycling near Ísafjörður,Tours and activities,Tours and activities,Westfjords,,,Ísafjarðarbær,Unranked,Not assessed,Not assessed,Not assessed,Not assessed,Not assessed,Not assessed,Not assessed,Not assessed,not assessed,10,16,,66.054622,-23.1801224,"https://www.google.com/maps?q=66.054622,-23.1801224"
Falljökull Glacier Hike,Tours and activities,Tours and activities,South,,,Sveitarfélagið Hornafjörður,Unranked,Not assessed,Not assessed,Not assessed,Not assessed,Not assessed,Not assessed,Not assessed,Not assessed,not assessed,7,13,,63.9763889,-16.7700001,"https://www.google.com/maps?q=63.9763889,-16.7700001"
Geothermal dive in North Iceland,Tours and activities,Tours and activities,Not assessed,,,,Unranked,Not assessed,Not assessed,Not assessed,Not assessed,Not assessed,Not assessed,Not assessed,Not assessed,not assessed,10,17,,65.7114277,-18.0951691,"https://www.google.com/maps?q=65.7114277,-18.0951691"
Geothermal dive on West Iceland,Tours and activities,Tours and activities,Reykjanes,,,Grindavíkurbær,Unranked,Not assessed,Not assessed,Not assessed,Not assessed,Not assessed,Not assessed,Not assessed,Not assessed,not assessed,26,67,,63.9201714,-21.9829559,"https://www.google.com/maps?q=63.9201714,-21.9829559"
Golden Circle horse riding,Tours and activities,Tours and activities,South,,,Bláskógabyggð,Unranked,Not assessed,Not assessed,Not assessed,Not assessed,Not assessed,Not assessed,Not assessed,Not assessed,not assessed,17,41,,64.2451915,-20.400238,"https://www.google.com/maps?q=64.2451915,-20.400238"
Highlands horse riding,Tours and activities,Tours and activities,South,,,Rangárþing ytra,Unranked,Not assessed,Not assessed,Not assessed,Not assessed,Not assessed,Not assessed,Not assessed,Not assessed,not assessed,3,28,,63.9180583,-19.3881226,"https://www.google.com/maps?q=63.9180583,-19.3881226"
Kayaking at Heinagerg glacier lagoon,Tours and activities,Tours and activities,South,,,Sveitarfélagið Hornafjörður,Unranked,Not assessed,Not assessed,Not assessed,Not assessed,Not assessed,Not assessed,Not assessed,Not assessed,not assessed,3,11,,64.2979511,-15.6702805,"https://www.google.com/maps?q=64.2979511,-15.6702805"
Kayaking at Jökulsárlón glacier lagoon,Tours and activities,Tours and activities,South,,,Sveitarfélagið Hornafjörður,Unranked,Not assessed,Not assessed,Not assessed,Not assessed,Not assessed,Not assessed,Not assessed,Not assessed,not assessed,4,14,,64.0685966,-16.2204552,"https://www.google.com/maps?q=64.0685966,-16.2204552"
Kayaking near Ísafjörður,Tours and activities,Tours and activities,Not assessed,,,,Unranked,Not assessed,Not assessed,Not assessed,Not assessed,Not assessed,Not assessed,Not assessed,Not assessed,not assessed,9,15,,66.0627722,-23.1517982,"https://www.google.com/maps?q=66.0627722,-23.1517982"
Kjölur route horse riding,Tours and activities,Tours and activities,Northwest,,,Húnabyggð,Unranked,Not assessed,Not assessed,Not assessed,Not assessed,Not assessed,Not assessed,Not assessed,Not assessed,not assessed,1,1,,65.0360925,-19.5837446,"https://www.google.com/maps?q=65.0360925,-19.5837446"
Langjökull ice cave,Tours and activities,Tours and activities,West,,Borgarbyggð,,Unranked,Not assessed,Not assessed,Not assessed,Not assessed,Not assessed,Not assessed,Not assessed,Not assessed,not assessed,2,17,,64.655011,-20.2437849,"https://www.google.com/maps?q=64.655011,-20.2437849"
North Iceland horse riding,Tours and activities,Tours and activities,Northwest,,,Skagafjörður,Unranked,Not assessed,Not assessed,Not assessed,Not assessed,Not assessed,Not assessed,Not assessed,Not assessed,not assessed,0,6,,65.5294645,-19.3826294,"https://www.google.com/maps?q=65.5294645,-19.3826294"
Ocean dive,Tours and activities,Tours and activities,Not assessed,,,,Unranked,Not assessed,Not assessed,Not assessed,Not assessed,Not assessed,Not assessed,Not assessed,Not assessed,not assessed,5,56,,64.1112018,-22.60849,"https://www.google.com/maps?q=64.1112018,-22.60849"
Puffins around Reykjavík,Tours and activities,Tours and activities,Not assessed,,,,Unranked,Not assessed,Not assessed,Not assessed,Not assessed,Not assessed,Not assessed,Not assessed,Not assessed,not assessed,25,68,,64.1756605,-21.9510269,"https://www.google.com/maps?q=64.1756605,-21.9510269"
Puffins in the Westman islands,Tours and activities,Tours and activities,South,,Vestmannaeyjabær,,Unranked,Not assessed,Not assessed,Not assessed,Not assessed,Not assessed,Not assessed,Not assessed,Not assessed,not assessed,1,17,,63.4222595,-20.2752686,"https://www.google.com/maps?q=63.4222595,-20.2752686"
Puffins on Ingólfshöfði,Tours and activities,Tours and activities,South,,,Sveitarfélagið Hornafjörður,Unranked,Not assessed,Not assessed,Not assessed,Not assessed,Not assessed,Not assessed,Not assessed,Not assessed,not assessed,2,12,,63.8,-16.64,"https://www.google.com/maps?q=63.8,-16.64"
Reykjavík horse riding,Tours and activities,Tours and activities,Capital,,Hafnarfjarðarkaupstaður,,Unranked,Not assessed,Not assessed,Not assessed,Not assessed,Not assessed,Not assessed,Not assessed,Not assessed,not assessed,30,76,,64.0454665,-21.9115448,"https://www.google.com/maps?q=64.0454665,-21.9115448"
River rafting from Drumbo,Tours and activities,Tours and activities,South,,,Bláskógabyggð,Unranked,Not assessed,Not assessed,Not assessed,Not assessed,Not assessed,Not assessed,Not assessed,Not assessed,not assessed,18,38,,64.2288728,-20.2858058,"https://www.google.com/maps?q=64.2288728,-20.2858058"
Skaftafell Glacier Hike,Tours and activities,Tours and activities,South,,,Sveitarfélagið Hornafjörður,Unranked,Not assessed,Not assessed,Not assessed,Not assessed,Not assessed,Not assessed,Not assessed,Not assessed,not assessed,6,15,,64.070414,-16.9751755,"https://www.google.com/maps?q=64.070414,-16.9751755"
Snowmobile on Langjokull - From Gullfoss Cafe,Tours and activities,Tours and activities,South,,,Bláskógabyggð,Unranked,Not assessed,Not assessed,Not assessed,Not assessed,Not assessed,Not assessed,Not assessed,Not assessed,not assessed,11,34,,64.325547,-20.129534,"https://www.google.com/maps?q=64.325547,-20.129534"
Snowmobiling on Langjökull glacier,Tours and activities,Tours and activities,West,,Borgarbyggð,,Unranked,Not assessed,Not assessed,Not assessed,Not assessed,Not assessed,Not assessed,Not assessed,Not assessed,not assessed,5,22,,64.6507839,-20.5826515,"https://www.google.com/maps?q=64.6507839,-20.5826515"
Snæfellsnes horse riding,Tours and activities,Tours and activities,West,,Grundarfjarðarbær,,Unranked,Not assessed,Not assessed,Not assessed,Not assessed,Not assessed,Not assessed,Not assessed,Not assessed,not assessed,10,24,,64.8827619,-23.2388255,"https://www.google.com/maps?q=64.8827619,-23.2388255"
Svínafellsjökull Glacier Hike,Tours and activities,Tours and activities,South,,,Sveitarfélagið Hornafjörður,Unranked,Not assessed,Not assessed,Not assessed,Not assessed,Not assessed,Not assessed,Not assessed,Not assessed,not assessed,6,13,,64.0185923,-16.8214782,"https://www.google.com/maps?q=64.0185923,-16.8214782"
Sólheimajökull glacier hike,Tours and activities,Tours and activities,South,,,Mýrdalshreppur,Unranked,Not assessed,Not assessed,Not assessed,Not assessed,Not assessed,Not assessed,Not assessed,Not assessed,not assessed,17,28,,63.5569444,-19.3027778,"https://www.google.com/maps?q=63.5569444,-19.3027778"
Vatnajökull crystal ice caves,Tours and activities,Tours and activities,South,,,Sveitarfélagið Hornafjörður,Unranked,Not assessed,Not assessed,Not assessed,Not assessed,Not assessed,Not assessed,Not assessed,Not assessed,not assessed,1,13,,64.2756153,-16.4739064,"https://www.google.com/maps?q=64.2756153,-16.4739064"
Whales around Reykjavík,Tours and activities,Tours and activities,Not assessed,,,,Unranked,Not assessed,Not assessed,Not assessed,Not assessed,Not assessed,Not assessed,Not assessed,Not assessed,not assessed,0,10,,64.3993115,-23.0273437,"https://www.google.com/maps?q=64.3993115,-23.0273437"
Whales around Snæfellsnes,Tours and activities,Tours and activities,Not assessed,,,,Unranked,Not assessed,Not assessed,Not assessed,Not assessed,Not assessed,Not assessed,Not assessed,Not assessed,not assessed,0,20,,65.1884871,-23.5100316,"https://www.google.com/maps?q=65.1884871,-23.5100316"
Whales around the Westfjords - Hólmavík,Tours and activities,Tours and activities,Not assessed,,,,Unranked,Not assessed,Not assessed,Not assessed,Not assessed,Not assessed,Not assessed,Not assessed,Not assessed,not assessed,3,11,,65.6608416,-21.3227216,"https://www.google.com/maps?q=65.6608416,-21.3227216"
Whales in North Iceland - Dalvík,Tours and activities,Tours and activities,Not assessed,,,,Unranked,Not assessed,Not assessed,Not assessed,Not assessed,Not assessed,Not assessed,Not assessed,Not assessed,not assessed,5,10,,66.1232928,-18.4555837,"https://www.google.com/maps?q=66.1232928,-18.4555837"
Whales in North Iceland - Húsavík,Tours and activities,Tours and activities,Not assessed,,,,Unranked,Not assessed,Not assessed,Not assessed,Not assessed,Not assessed,Not assessed,Not assessed,Not assessed,not assessed,0,2,,66.3691793,-17.5452818,"https://www.google.com/maps?q=66.3691793,-17.5452818"
Aldeyjarfoss,Waterfalls,Waterfalls,Northeast,,,Þingeyjarsveit,Unranked,Not assessed,Not assessed,Not assessed,Not assessed,Little or none (inferred from category),Not assessed,Not assessed,Not assessed,not assessed,0,18,,65.3664613,-17.3369408,"https://www.google.com/maps?q=65.3664613,-17.3369408"
Dynkur in Thjorsa,Waterfalls,Waterfalls,South,,,Skeiða- og Gnúpverjahreppur,Unranked,Not assessed,Not assessed,Not assessed,Not assessed,Little or none (inferred from category),Not assessed,Not assessed,Not assessed,not assessed,0,8,,64.3379416666667,-19.1955361111111,"https://www.google.com/maps?q=64.3379416666667,-19.1955361111111"
Fardagafoss,Waterfalls,Waterfalls,East,,,Múlaþing,Unranked,Not assessed,Not assessed,Not assessed,Not assessed,Little or none (inferred from category),Not assessed,Not assessed,Not assessed,not assessed,9,28,,65.2649172,-14.3808291,"https://www.google.com/maps?q=65.2649172,-14.3808291"
Foss á Sídu,Waterfalls,Waterfalls,South,,,Skaftárhreppur,Unranked,Not assessed,Not assessed,Not assessed,Not assessed,Little or none (inferred from category),Not assessed,Not assessed,Not assessed,not assessed,7,12,,63.8537014,-17.8720844,"https://www.google.com/maps?q=63.8537014,-17.8720844"
Gilsárfoss,Waterfalls,Waterfalls,East,,,Fjarðabyggð,Unranked,Not assessed,Not assessed,Not assessed,Not assessed,Little or none (inferred from category),Not assessed,Not assessed,Not assessed,not assessed,13,29,,64.9234144,-13.9649963,"https://www.google.com/maps?q=64.9234144,-13.9649963"
Gljúfrafoss,Waterfalls,Waterfalls,South,,,Rangárþing eystra,Unranked,Not assessed,Not assessed,Not assessed,Not assessed,Little or none (inferred from category),Not assessed,Not assessed,Not assessed,not assessed,9,28,,63.6212538,-19.988122,"https://www.google.com/maps?q=63.6212538,-19.988122"
Gluggafoss (also called Merkjárfoss),Waterfalls,Waterfalls,South,,,Rangárþing eystra,Unranked,Not assessed,Not assessed,Not assessed,Not assessed,Little or none (inferred from category),Not assessed,Not assessed,Not assessed,not assessed,11,29,,63.7210255,-19.8937155,"https://www.google.com/maps?q=63.7210255,-19.8937155"
Góðafoss,Waterfalls,Waterfalls,Northeast,,,Þingeyjarsveit,Unranked,Not assessed,Not assessed,Not assessed,Not assessed,Little or none (inferred from category),Not assessed,Not assessed,Not assessed,not assessed,6,24,,65.6829947,-17.5508227,"https://www.google.com/maps?q=65.6829947,-17.5508227"
"Hengifoss, Litlanessfoss",Waterfalls,Waterfalls,East,,,Fljótsdalshreppur,Unranked,Not assessed,Not assessed,Not assessed,Not assessed,Little or none (inferred from category),Not assessed,Not assessed,Not assessed,not assessed,1,19,,65.095551,-14.8904719,"https://www.google.com/maps?q=65.095551,-14.8904719"
Hjalparfoss,Waterfalls,Waterfalls,South,,,Skeiða- og Gnúpverjahreppur,Unranked,Not assessed,Not assessed,Not assessed,Not assessed,Little or none (inferred from category),Not assessed,Not assessed,Not assessed,not assessed,6,32,,64.1161693,-19.8512381,"https://www.google.com/maps?q=64.1161693,-19.8512381"
Klifbrekkufossar,Waterfalls,Waterfalls,East,,,Fjarðabyggð,Unranked,Not assessed,Not assessed,Not assessed,Not assessed,Little or none (inferred from category),Not assessed,Not assessed,Not assessed,not assessed,18,31,,65.179462,-14.0812959,"https://www.google.com/maps?q=65.179462,-14.0812959"
Kvarnarhólsárfoss,Waterfalls,Waterfalls,South,,,Rangárþing eystra,Unranked,Not assessed,Not assessed,Not assessed,Not assessed,Little or none (inferred from category),Not assessed,Not assessed,Not assessed,not assessed,13,28,,63.528779,-19.481304,"https://www.google.com/maps?q=63.528779,-19.481304"
Stjórnarfoss,Waterfalls,Waterfalls,South,,,Skaftárhreppur,Unranked,Not assessed,Not assessed,Not assessed,Not assessed,Little or none (inferred from category),Not assessed,Not assessed,Not assessed,not assessed,7,9,,63.799752,-18.0613013,"https://www.google.com/maps?q=63.799752,-18.0613013"
Systrafoss,Waterfalls,Waterfalls,South,,,Skaftárhreppur,Unranked,Not assessed,Not assessed,Not assessed,Not assessed,Little or none (inferred from category),Not assessed,Not assessed,Not assessed,not assessed,7,9,,63.7875323,-18.0595936,"https://www.google.com/maps?q=63.7875323,-18.0595936"
Urridafoss,Waterfalls,Waterfalls,South,,,Flóahreppur,Unranked,Not assessed,Not assessed,Not assessed,Not assessed,Little or none (inferred from category),Not assessed,Not assessed,Not assessed,not assessed,12,46,,63.9246142,-20.6721926,"https://www.google.com/maps?q=63.9246142,-20.6721926"
Ófærufoss,Waterfalls,Waterfalls,South,,,Skaftárhreppur,Unranked,Not assessed,Not assessed,Not assessed,Not assessed,Little or none (inferred from category),Not assessed,Not assessed,Not assessed,not assessed,2,14,,63.9647891666667,-18.6178319444444,"https://www.google.com/maps?q=63.9647891666667,-18.6178319444444"
Öxarárfoss,Waterfalls,Waterfalls,South,,,Bláskógabyggð,Unranked,Not assessed,Not assessed,Not assessed,Not assessed,Little or none (inferred from category),Not assessed,Not assessed,Not assessed,not assessed,10,69,,64.2659199,-21.1182976,"https://www.google.com/maps?q=64.2659199,-21.1182976"
